Jar,Species,Community,Replicate,Day,Temperature,Abundance
1,P.caudatum,PLB,1,0,11,30
2,P.caudatum,PLB,2,0,11,30
3,P.caudatum,PLB,3,0,11,30
4,P.caudatum,PBL,1,0,11,30
5,P.caudatum,PBL,2,0,11,30
6,P.caudatum,PBL,3,0,11,30
7,Loxocephallus,LBP,1,0,11,30
8,Loxocephallus,LBP,2,0,11,30
9,Loxocephallus,LBP,3,0,11,30
10,Loxocephallus,LPB,1,0,11,30
11,Loxocephallus,LPB,2,0,11,30
12,Loxocephallus,LPB,3,0,11,30
13,Blepharisma,BLP,1,0,11,30
14,Blepharisma,BLP,2,0,11,30
15,Blepharisma,BLP,3,0,11,30
16,Blepharisma,BPL,1,0,11,30
17,Blepharisma,BPL,2,0,11,30
18,Blepharisma,BPL,3,0,11,30
19,P.caudatum,ALL,1,0,11,30
19,Loxocephallus,ALL,1,0,11,30
19,Blepharisma,ALL,1,0,11,30
20,P.caudatum,ALL,2,0,11,30
20,Loxocephallus,ALL,2,0,11,30
20,Blepharisma,ALL,2,0,11,30
21,P.caudatum,ALL,3,0,11,30
21,Loxocephallus,ALL,3,0,11,30
21,Blepharisma,ALL,3,0,11,30
22,P.caudatum,PLB,1,0,14,30
23,P.caudatum,PLB,2,0,14,30
24,P.caudatum,PLB,3,0,14,30
25,P.caudatum,PBL,1,0,14,30
26,P.caudatum,PBL,2,0,14,30
27,P.caudatum,PBL,3,0,14,30
28,Loxocephallus,LBP,1,0,14,30
29,Loxocephallus,LBP,2,0,14,30
30,Loxocephallus,LBP,3,0,14,30
31,Loxocephallus,LPB,1,0,14,30
32,Loxocephallus,LPB,2,0,14,30
33,Loxocephallus,LPB,3,0,14,30
34,Blepharisma,BLP,1,0,14,30
35,Blepharisma,BLP,2,0,14,30
36,Blepharisma,BLP,3,0,14,30
37,Blepharisma,BPL,1,0,14,30
38,Blepharisma,BPL,2,0,14,30
39,Blepharisma,BPL,3,0,14,30
40,P.caudatum,ALL,1,0,14,30
40,Loxocephallus,ALL,1,0,14,30
40,Blepharisma,ALL,1,0,14,30
41,P.caudatum,ALL,2,0,14,30
41,Loxocephallus,ALL,2,0,14,30
41,Blepharisma,ALL,2,0,14,30
42,P.caudatum,ALL,3,0,14,30
42,Loxocephallus,ALL,3,0,14,30
42,Blepharisma,ALL,3,0,14,30
43,P.caudatum,PLB,1,0,17,30
44,P.caudatum,PLB,2,0,17,30
45,P.caudatum,PLB,3,0,17,30
46,P.caudatum,PBL,1,0,17,30
47,P.caudatum,PBL,2,0,17,30
48,P.caudatum,PBL,3,0,17,30
49,Loxocephallus,LBP,1,0,17,30
50,Loxocephallus,LBP,2,0,17,30
51,Loxocephallus,LBP,3,0,17,30
52,Loxocephallus,LPB,1,0,17,30
53,Loxocephallus,LPB,2,0,17,30
54,Loxocephallus,LPB,3,0,17,30
55,Blepharisma,BLP,1,0,17,30
56,Blepharisma,BLP,2,0,17,30
57,Blepharisma,BLP,3,0,17,30
58,Blepharisma,BPL,1,0,17,30
59,Blepharisma,BPL,2,0,17,30
60,Blepharisma,BPL,3,0,17,30
61,P.caudatum,ALL,1,0,17,30
61,Loxocephallus,ALL,1,0,17,30
61,Blepharisma,ALL,1,0,17,30
62,P.caudatum,ALL,2,0,17,30
62,Loxocephallus,ALL,2,0,17,30
62,Blepharisma,ALL,2,0,17,30
63,P.caudatum,ALL,3,0,17,30
63,Loxocephallus,ALL,3,0,17,30
63,Blepharisma,ALL,3,0,17,30
64,P.caudatum,PLB,1,0,20,30
65,P.caudatum,PLB,2,0,20,30
66,P.caudatum,PLB,3,0,20,30
67,P.caudatum,PBL,1,0,20,30
68,P.caudatum,PBL,2,0,20,30
69,P.caudatum,PBL,3,0,20,30
70,Loxocephallus,LBP,1,0,20,30
71,Loxocephallus,LBP,2,0,20,30
72,Loxocephallus,LBP,3,0,20,30
73,Loxocephallus,LPB,1,0,20,30
74,Loxocephallus,LPB,2,0,20,30
75,Loxocephallus,LPB,3,0,20,30
76,Blepharisma,BLP,1,0,20,30
77,Blepharisma,BLP,2,0,20,30
78,Blepharisma,BLP,3,0,20,30
79,Blepharisma,BPL,1,0,20,30
80,Blepharisma,BPL,2,0,20,30
81,Blepharisma,BPL,3,0,20,30
82,P.caudatum,ALL,1,0,20,30
82,Loxocephallus,ALL,1,0,20,30
82,Blepharisma,ALL,1,0,20,30
83,P.caudatum,ALL,2,0,20,30
83,Loxocephallus,ALL,2,0,20,30
83,Blepharisma,ALL,2,0,20,30
84,P.caudatum,ALL,3,0,20,30
84,Loxocephallus,ALL,3,0,20,30
84,Blepharisma,ALL,3,0,20,30
85,P.caudatum,PLB,1,0,23,30
86,P.caudatum,PLB,2,0,23,30
87,P.caudatum,PLB,3,0,23,30
88,P.caudatum,PBL,1,0,23,30
89,P.caudatum,PBL,2,0,23,30
90,P.caudatum,PBL,3,0,23,30
91,Loxocephallus,LBP,1,0,23,30
92,Loxocephallus,LBP,2,0,23,30
93,Loxocephallus,LBP,3,0,23,30
94,Loxocephallus,LPB,1,0,23,30
95,Loxocephallus,LPB,2,0,23,30
96,Loxocephallus,LPB,3,0,23,30
97,Blepharisma,BLP,1,0,23,30
98,Blepharisma,BLP,2,0,23,30
99,Blepharisma,BLP,3,0,23,30
100,Blepharisma,BPL,1,0,23,1500
103,P.caudatum,ALL,1,0,23,30
103,Loxocephallus,ALL,1,0,23,30
103,Blepharisma,ALL,1,0,23,30
104,P.caudatum,ALL,2,0,23,30
104,Loxocephallus,ALL,2,0,23,30
104,Blepharisma,ALL,2,0,23,30
105,P.caudatum,ALL,3,0,23,30
105,Loxocephallus,ALL,3,0,23,30
105,Blepharisma,ALL,3,0,23,30
106,P.caudatum,PLB,1,0,26,30
107,P.caudatum,PLB,2,0,26,30
108,P.caudatum,PLB,3,0,26,30
109,P.caudatum,PBL,1,0,26,30
110,P.caudatum,PBL,2,0,26,30
111,P.caudatum,PBL,3,0,26,30
112,Loxocephallus,LBP,1,0,26,30
113,Loxocephallus,LBP,2,0,26,30
114,Loxocephallus,LBP,3,0,26,30
115,Loxocephallus,LPB,1,0,26,30
116,Loxocephallus,LPB,2,0,26,30
117,Loxocephallus,LPB,3,0,26,30
118,Blepharisma,BLP,1,0,26,30
119,Blepharisma,BLP,2,0,26,30
120,Blepharisma,BLP,3,0,26,30
121,Blepharisma,BPL,1,0,26,30
122,Blepharisma,BPL,2,0,26,30
123,Blepharisma,BPL,3,0,26,30
124,P.caudatum,ALL,1,0,26,30
124,Loxocephallus,ALL,1,0,26,30
124,Blepharisma,ALL,1,0,26,30
125,P.caudatum,ALL,2,0,26,30
125,Loxocephallus,ALL,2,0,26,30
125,Blepharisma,ALL,2,0,26,30
126,P.caudatum,ALL,3,0,26,30
126,Loxocephallus,ALL,3,0,26,30
126,Blepharisma,ALL,3,0,26,30
1,P.caudatum,PLB,1,7,11,12.5
1,Loxocephallus,PLB,1,7,11,30
2,P.caudatum,PLB,2,7,11,100
2,Loxocephallus,PLB,2,7,11,30
3,P.caudatum,PLB,3,7,11,21
3,Loxocephallus,PLB,3,7,11,30
4,P.caudatum,PBL,1,7,11,50
4,Blepharisma,PBL,1,7,11,30
5,P.caudatum,PBL,2,7,11,100
5,Blepharisma,PBL,2,7,11,30
6,P.caudatum,PBL,3,7,11,50
6,Blepharisma,PBL,3,7,11,30
7,Loxocephallus,LBP,1,7,11,25
7,Blepharisma,LBP,1,7,11,30
8,Loxocephallus,LBP,2,7,11,25
8,Blepharisma,LBP,2,7,11,30
9,Loxocephallus,LBP,3,7,11,150
9,Blepharisma,LBP,3,7,11,30
10,Loxocephallus,LPB,1,7,11,100
10,P.caudatum,LPB,1,7,11,30
11,Loxocephallus,LPB,2,7,11,150
11,P.caudatum,LPB,2,7,11,30
12,Loxocephallus,LPB,3,7,11,100
12,P.caudatum,LPB,3,7,11,30
13,Blepharisma,BLP,1,7,11,33.33333333
13,Loxocephallus,BLP,1,7,11,30
14,Blepharisma,BLP,2,7,11,14
14,Loxocephallus,BLP,2,7,11,30
15,Blepharisma,BLP,3,7,11,50
15,Loxocephallus,BLP,3,7,11,30
16,Blepharisma,BPL,1,7,11,37.5
16,P.caudatum,BPL,1,7,11,30
17,Blepharisma,BPL,2,7,11,100
17,P.caudatum,BPL,2,7,11,30
18,Blepharisma,BPL,3,7,11,50
18,P.caudatum,BPL,3,7,11,30
19,P.caudatum,ALL,1,7,11,50
19,Loxocephallus,ALL,1,7,11,75
19,Blepharisma,ALL,1,7,11,50
20,P.caudatum,ALL,2,7,11,50
20,Loxocephallus,ALL,2,7,11,50
20,Blepharisma,ALL,2,7,11,200
21,P.caudatum,ALL,3,7,11,25
21,Loxocephallus,ALL,3,7,11,50
21,Blepharisma,ALL,3,7,11,50
22,P.caudatum,PLB,1,7,14,150
22,Loxocephallus,PLB,1,7,14,30
23,P.caudatum,PLB,2,7,14,250
23,Loxocephallus,PLB,2,7,14,30
24,P.caudatum,PLB,3,7,14,250
24,Loxocephallus,PLB,3,7,14,30
25,P.caudatum,PBL,1,7,14,200
25,Blepharisma,PBL,1,7,14,30
26,P.caudatum,PBL,2,7,14,300
26,Blepharisma,PBL,2,7,14,30
27,P.caudatum,PBL,3,7,14,100
27,Blepharisma,PBL,3,7,14,30
28,Loxocephallus,LBP,1,7,14,100
28,Blepharisma,LBP,1,7,14,30
29,Loxocephallus,LBP,2,7,14,300
29,Blepharisma,LBP,2,7,14,30
30,Loxocephallus,LBP,3,7,14,200
30,Blepharisma,LBP,3,7,14,30
31,Loxocephallus,LPB,1,7,14,150
31,P.caudatum,LPB,1,7,14,30
32,Loxocephallus,LPB,2,7,14,250
32,P.caudatum,LPB,2,7,14,30
33,Loxocephallus,LPB,3,7,14,150
33,P.caudatum,LPB,3,7,14,30
34,Blepharisma,BLP,1,7,14,25
34,Loxocephallus,BLP,1,7,14,30
35,Blepharisma,BLP,2,7,14,100
35,Loxocephallus,BLP,2,7,14,30
36,Blepharisma,BLP,3,7,14,150
36,Loxocephallus,BLP,3,7,14,30
37,Blepharisma,BPL,1,7,14,100
37,P.caudatum,BPL,1,7,14,30
38,Blepharisma,BPL,2,7,14,200
38,P.caudatum,BPL,2,7,14,30
39,Blepharisma,BPL,3,7,14,100
39,P.caudatum,BPL,3,7,14,30
40,P.caudatum,ALL,1,7,14,400
40,Loxocephallus,ALL,1,7,14,150
40,Blepharisma,ALL,1,7,14,100
41,P.caudatum,ALL,2,7,14,100
41,Loxocephallus,ALL,2,7,14,50
41,Blepharisma,ALL,2,7,14,50
42,P.caudatum,ALL,3,7,14,150
42,Loxocephallus,ALL,3,7,14,250
42,Blepharisma,ALL,3,7,14,100
43,P.caudatum,PLB,1,7,17,1100
43,Loxocephallus,PLB,1,7,17,30
44,P.caudatum,PLB,2,7,17,400
44,Loxocephallus,PLB,2,7,17,30
45,P.caudatum,PLB,3,7,17,150
45,Loxocephallus,PLB,3,7,17,30
46,P.caudatum,PBL,1,7,17,250
46,Blepharisma,PBL,1,7,17,30
47,P.caudatum,PBL,2,7,17,500
47,Blepharisma,PBL,2,7,17,30
48,P.caudatum,PBL,3,7,17,450
48,Blepharisma,PBL,3,7,17,30
49,Loxocephallus,LBP,1,7,17,50
49,Blepharisma,LBP,1,7,17,30
50,Loxocephallus,LBP,2,7,17,700
50,Blepharisma,LBP,2,7,17,30
51,Loxocephallus,LBP,3,7,17,1250
51,Blepharisma,LBP,3,7,17,30
52,Loxocephallus,LPB,1,7,17,500
52,P.caudatum,LPB,1,7,17,30
53,Loxocephallus,LPB,2,7,17,1700
53,P.caudatum,LPB,2,7,17,30
54,Loxocephallus,LPB,3,7,17,350
54,P.caudatum,LPB,3,7,17,30
55,Blepharisma,BLP,1,7,17,150
55,Loxocephallus,BLP,1,7,17,30
56,Blepharisma,BLP,2,7,17,400
56,Loxocephallus,BLP,2,7,17,30
57,Blepharisma,BLP,3,7,17,150
57,Loxocephallus,BLP,3,7,17,30
58,Blepharisma,BPL,1,7,17,100
58,P.caudatum,BPL,1,7,17,30
59,Blepharisma,BPL,2,7,17,200
59,P.caudatum,BPL,2,7,17,30
60,Blepharisma,BPL,3,7,17,50
60,P.caudatum,BPL,3,7,17,30
61,P.caudatum,ALL,1,7,17,250
61,Loxocephallus,ALL,1,7,17,950
61,Blepharisma,ALL,1,7,17,200
62,P.caudatum,ALL,2,7,17,300
62,Loxocephallus,ALL,2,7,17,1000
62,Blepharisma,ALL,2,7,17,50
63,P.caudatum,ALL,3,7,17,700
63,Loxocephallus,ALL,3,7,17,250
63,Blepharisma,ALL,3,7,17,150
64,P.caudatum,PLB,1,7,20,250
64,Loxocephallus,PLB,1,7,20,30
65,P.caudatum,PLB,2,7,20,200
65,Loxocephallus,PLB,2,7,20,30
66,P.caudatum,PLB,3,7,20,650
66,Loxocephallus,PLB,3,7,20,30
67,P.caudatum,PBL,1,7,20,350
67,Blepharisma,PBL,1,7,20,30
68,P.caudatum,PBL,2,7,20,400
68,Blepharisma,PBL,2,7,20,30
69,P.caudatum,PBL,3,7,20,650
69,Blepharisma,PBL,3,7,20,30
70,Loxocephallus,LBP,1,7,20,4100
70,Blepharisma,LBP,1,7,20,30
71,Loxocephallus,LBP,2,7,20,2150
71,Blepharisma,LBP,2,7,20,30
72,Loxocephallus,LBP,3,7,20,2000
72,Blepharisma,LBP,3,7,20,30
73,Loxocephallus,LPB,1,7,20,2650
73,P.caudatum,LPB,1,7,20,30
74,Loxocephallus,LPB,2,7,20,1950
74,P.caudatum,LPB,2,7,20,30
75,Loxocephallus,LPB,3,7,20,2300
75,P.caudatum,LPB,3,7,20,30
76,Blepharisma,BLP,1,7,20,250
76,Loxocephallus,BLP,1,7,20,30
77,Blepharisma,BLP,2,7,20,150
77,Loxocephallus,BLP,2,7,20,30
78,Blepharisma,BLP,3,7,20,250
78,Loxocephallus,BLP,3,7,20,30
79,Blepharisma,BPL,1,7,20,250
79,P.caudatum,BPL,1,7,20,30
80,Blepharisma,BPL,2,7,20,50
80,P.caudatum,BPL,2,7,20,30
81,Blepharisma,BPL,3,7,20,200
81,P.caudatum,BPL,3,7,20,30
82,P.caudatum,ALL,1,7,20,1950
82,Loxocephallus,ALL,1,7,20,150
82,Blepharisma,ALL,1,7,20,150
83,P.caudatum,ALL,2,7,20,1400
83,Loxocephallus,ALL,2,7,20,1800
83,Blepharisma,ALL,2,7,20,250
84,P.caudatum,ALL,3,7,20,1700
84,Loxocephallus,ALL,3,7,20,1100
84,Blepharisma,ALL,3,7,20,200
85,P.caudatum,PLB,1,7,23,4900
85,Loxocephallus,PLB,1,7,23,30
86,P.caudatum,PLB,2,7,23,1900
86,Loxocephallus,PLB,2,7,23,30
87,P.caudatum,PLB,3,7,23,11400
87,Loxocephallus,PLB,3,7,23,30
88,P.caudatum,PBL,1,7,23,800
88,Blepharisma,PBL,1,7,23,30
89,P.caudatum,PBL,2,7,23,5300
89,Blepharisma,PBL,2,7,23,30
91,Loxocephallus,LBP,1,7,23,600
91,Blepharisma,LBP,1,7,23,30
92,Loxocephallus,LBP,2,7,23,3800
92,Blepharisma,LBP,2,7,23,30
93,Loxocephallus,LBP,3,7,23,1900
93,Blepharisma,LBP,3,7,23,30
94,Loxocephallus,LPB,1,7,23,7500
94,P.caudatum,LPB,1,7,23,30
95,Loxocephallus,LPB,2,7,23,11000
95,P.caudatum,LPB,2,7,23,30
96,Loxocephallus,LPB,3,7,23,6300
96,P.caudatum,LPB,3,7,23,30
97,Blepharisma,BLP,1,7,23,700
97,Loxocephallus,BLP,1,7,23,30
98,Blepharisma,BLP,2,7,23,400
98,Loxocephallus,BLP,2,7,23,30
99,Blepharisma,BLP,3,7,23,400
99,Loxocephallus,BLP,3,7,23,30
103,P.caudatum,ALL,1,7,23,9400
103,Loxocephallus,ALL,1,7,23,1100
103,Blepharisma,ALL,1,7,23,300
104,P.caudatum,ALL,2,7,23,6500
104,Loxocephallus,ALL,2,7,23,5500
104,Blepharisma,ALL,2,7,23,100
105,P.caudatum,ALL,3,7,23,7500
105,Loxocephallus,ALL,3,7,23,4400
105,Blepharisma,ALL,3,7,23,400
106,P.caudatum,PLB,1,7,26,5200
106,Loxocephallus,PLB,1,7,26,30
107,P.caudatum,PLB,2,7,26,6000
107,Loxocephallus,PLB,2,7,26,30
108,P.caudatum,PLB,3,7,26,8600
108,Loxocephallus,PLB,3,7,26,30
109,P.caudatum,PBL,1,7,26,6600
109,Blepharisma,PBL,1,7,26,30
110,P.caudatum,PBL,2,7,26,6400
110,Blepharisma,PBL,2,7,26,30
111,P.caudatum,PBL,3,7,26,3800
111,Blepharisma,PBL,3,7,26,30
112,Loxocephallus,LBP,1,7,26,22800
112,Blepharisma,LBP,1,7,26,30
113,Loxocephallus,LBP,2,7,26,4000
113,Blepharisma,LBP,2,7,26,30
114,Loxocephallus,LBP,3,7,26,8000
114,Blepharisma,LBP,3,7,26,30
115,Loxocephallus,LPB,1,7,26,9000
115,P.caudatum,LPB,1,7,26,30
116,Loxocephallus,LPB,2,7,26,2200
116,P.caudatum,LPB,2,7,26,30
117,Loxocephallus,LPB,3,7,26,9600
117,P.caudatum,LPB,3,7,26,30
118,Blepharisma,BLP,1,7,26,1400
118,Loxocephallus,BLP,1,7,26,30
119,Blepharisma,BLP,2,7,26,1400
119,Loxocephallus,BLP,2,7,26,30
120,Blepharisma,BLP,3,7,26,4000
120,Loxocephallus,BLP,3,7,26,30
121,Blepharisma,BPL,1,7,26,600
121,P.caudatum,BPL,1,7,26,30
122,Blepharisma,BPL,2,7,26,2000
122,P.caudatum,BPL,2,7,26,30
123,Blepharisma,BPL,3,7,26,800
123,P.caudatum,BPL,3,7,26,30
124,P.caudatum,ALL,1,7,26,7800
124,Loxocephallus,ALL,1,7,26,3400
124,Blepharisma,ALL,1,7,26,600
125,P.caudatum,ALL,2,7,26,7000
125,Loxocephallus,ALL,2,7,26,10000
125,Blepharisma,ALL,2,7,26,200
126,P.caudatum,ALL,3,7,26,7400
126,Loxocephallus,ALL,3,7,26,2800
126,Blepharisma,ALL,3,7,26,200
1,P.caudatum,PLB,1,14,11,100
1,Loxocephallus,PLB,1,14,11,2
1,Blepharisma,PLB,1,14,11,30
2,P.caudatum,PLB,2,14,11,400
2,Loxocephallus,PLB,2,14,11,6
2,Blepharisma,PLB,2,14,11,30
3,P.caudatum,PLB,3,14,11,166.6666667
3,Loxocephallus,PLB,3,14,11,7
3,Blepharisma,PLB,3,14,11,30
4,P.caudatum,PBL,1,14,11,33.33333333
4,Blepharisma,PBL,1,14,11,33.33333333
4,Loxocephallus,PBL,1,14,11,30
5,P.caudatum,PBL,2,14,11,200
5,Blepharisma,PBL,2,14,11,33.33333333
5,Loxocephallus,PBL,2,14,11,30
6,P.caudatum,PBL,3,14,11,100
6,Blepharisma,PBL,3,14,11,66.66666667
6,Loxocephallus,PBL,3,14,11,30
7,Loxocephallus,LBP,1,14,11,100
7,Blepharisma,LBP,1,14,11,60
7,P.caudatum,LBP,1,14,11,30
8,Loxocephallus,LBP,2,14,11,20
8,Blepharisma,LBP,2,14,11,200
8,P.caudatum,LBP,2,14,11,30
9,Loxocephallus,LBP,3,14,11,200
9,Blepharisma,LBP,3,14,11,100
9,P.caudatum,LBP,3,14,11,30
10,Loxocephallus,LPB,1,14,11,100
10,P.caudatum,LPB,1,14,11,14.28571429
10,Blepharisma,LPB,1,14,11,30
11,Loxocephallus,LPB,2,14,11,200
11,P.caudatum,LPB,2,14,11,66.66666667
11,Blepharisma,LPB,2,14,11,30
12,Loxocephallus,LPB,3,14,11,100
12,P.caudatum,LPB,3,14,11,14
12,Blepharisma,LPB,3,14,11,30
13,Blepharisma,BLP,1,14,11,66.66666667
13,Loxocephallus,BLP,1,14,11,40
13,P.caudatum,BLP,1,14,11,30
14,Blepharisma,BLP,2,14,11,71.42857143
14,Loxocephallus,BLP,2,14,11,14.28571429
14,P.caudatum,BLP,2,14,11,30
15,Blepharisma,BLP,3,14,11,100
15,Loxocephallus,BLP,3,14,11,2
15,P.caudatum,BLP,3,14,11,30
16,Blepharisma,BPL,1,14,11,100
16,P.caudatum,BPL,1,14,11,100
16,Loxocephallus,BPL,1,14,11,30
17,Blepharisma,BPL,2,14,11,100
17,P.caudatum,BPL,2,14,11,100
17,Loxocephallus,BPL,2,14,11,30
18,Blepharisma,BPL,3,14,11,20
18,P.caudatum,BPL,3,14,11,100
18,Loxocephallus,BPL,3,14,11,30
19,P.caudatum,ALL,1,14,11,133.3333333
19,Loxocephallus,ALL,1,14,11,100
19,Blepharisma,ALL,1,14,11,100
20,P.caudatum,ALL,2,14,11,200
20,Loxocephallus,ALL,2,14,11,66.66666667
20,Blepharisma,ALL,2,14,11,200
21,P.caudatum,ALL,3,14,11,700
21,Loxocephallus,ALL,3,14,11,100
21,Blepharisma,ALL,3,14,11,66.66666667
22,P.caudatum,PLB,1,14,14,100
22,Loxocephallus,PLB,1,14,14,33.33333333
22,Blepharisma,PLB,1,14,14,30
23,P.caudatum,PLB,2,14,14,200
23,Loxocephallus,PLB,2,14,14,33.33333333
23,Blepharisma,PLB,2,14,14,30
24,P.caudatum,PLB,3,14,14,33.33333333
24,Loxocephallus,PLB,3,14,14,10
24,Blepharisma,PLB,3,14,14,30
25,P.caudatum,PBL,1,14,14,200
25,Blepharisma,PBL,1,14,14,14.28571429
25,Loxocephallus,PBL,1,14,14,30
26,P.caudatum,PBL,2,14,14,100
26,Blepharisma,PBL,2,14,14,66.66666667
26,Loxocephallus,PBL,2,14,14,30
27,P.caudatum,PBL,3,14,14,100
27,Blepharisma,PBL,3,14,14,33.33333333
27,Loxocephallus,PBL,3,14,14,30
28,Loxocephallus,LBP,1,14,14,1000
28,Blepharisma,LBP,1,14,14,100
28,P.caudatum,LBP,1,14,14,30
29,Loxocephallus,LBP,2,14,14,2300
29,Blepharisma,LBP,2,14,14,33.33333333
29,P.caudatum,LBP,2,14,14,30
30,Loxocephallus,LBP,3,14,14,200
30,Blepharisma,LBP,3,14,14,33.33333333
30,P.caudatum,LBP,3,14,14,30
31,Loxocephallus,LPB,1,14,14,1300
31,P.caudatum,LPB,1,14,14,300
31,Blepharisma,LPB,1,14,14,30
32,Loxocephallus,LPB,2,14,14,8
32,P.caudatum,LPB,2,14,14,200
32,Blepharisma,LPB,2,14,14,30
33,Loxocephallus,LPB,3,14,14,700
33,P.caudatum,LPB,3,14,14,200
33,Blepharisma,LPB,3,14,14,30
34,Blepharisma,BLP,1,14,14,400
34,Loxocephallus,BLP,1,14,14,100
34,P.caudatum,BLP,1,14,14,30
35,Blepharisma,BLP,2,14,14,600
35,Loxocephallus,BLP,2,14,14,100
35,P.caudatum,BLP,2,14,14,30
36,Blepharisma,BLP,3,14,14,500
36,Loxocephallus,BLP,3,14,14,33.33333333
36,P.caudatum,BLP,3,14,14,30
37,Blepharisma,BPL,1,14,14,500
37,P.caudatum,BPL,1,14,14,100
37,Loxocephallus,BPL,1,14,14,30
38,Blepharisma,BPL,2,14,14,500
38,P.caudatum,BPL,2,14,14,100
38,Loxocephallus,BPL,2,14,14,30
39,Blepharisma,BPL,3,14,14,300
39,P.caudatum,BPL,3,14,14,66.66666667
39,Loxocephallus,BPL,3,14,14,30
40,P.caudatum,ALL,1,14,14,300
40,Loxocephallus,ALL,1,14,14,100
40,Blepharisma,ALL,1,14,14,200
41,P.caudatum,ALL,2,14,14,100
41,Loxocephallus,ALL,2,14,14,1900
41,Blepharisma,ALL,2,14,14,300
42,P.caudatum,ALL,3,14,14,200
42,Loxocephallus,ALL,3,14,14,200
42,Blepharisma,ALL,3,14,14,233.3333333
43,P.caudatum,PLB,1,14,17,100
43,Loxocephallus,PLB,1,14,17,22
43,Blepharisma,PLB,1,14,17,30
44,P.caudatum,PLB,2,14,17,50
44,Loxocephallus,PLB,2,14,17,8
44,Blepharisma,PLB,2,14,17,30
45,P.caudatum,PLB,3,14,17,100
45,Loxocephallus,PLB,3,14,17,200
45,Blepharisma,PLB,3,14,17,30
46,P.caudatum,PBL,1,14,17,1
46,Blepharisma,PBL,1,14,17,200
46,Loxocephallus,PBL,1,14,17,30
47,P.caudatum,PBL,2,14,17,14.28571429
47,Blepharisma,PBL,2,14,17,100
47,Loxocephallus,PBL,2,14,17,30
48,P.caudatum,PBL,3,14,17,100
48,Blepharisma,PBL,3,14,17,100
48,Loxocephallus,PBL,3,14,17,30
49,Loxocephallus,LBP,1,14,17,1400
49,Blepharisma,LBP,1,14,17,400
49,P.caudatum,LBP,1,14,17,30
50,Loxocephallus,LBP,2,14,17,4800
50,Blepharisma,LBP,2,14,17,100
50,P.caudatum,LBP,2,14,17,30
51,Loxocephallus,LBP,3,14,17,2900
51,Blepharisma,LBP,3,14,17,200
51,P.caudatum,LBP,3,14,17,30
52,Loxocephallus,LPB,1,14,17,200
52,P.caudatum,LPB,1,14,17,2900
52,Blepharisma,LPB,1,14,17,30
53,Loxocephallus,LPB,2,14,17,5600
53,P.caudatum,LPB,2,14,17,1900
53,Blepharisma,LPB,2,14,17,30
54,Loxocephallus,LPB,3,14,17,4300
54,P.caudatum,LPB,3,14,17,2300
54,Blepharisma,LPB,3,14,17,30
55,Blepharisma,BLP,1,14,17,1400
55,Loxocephallus,BLP,1,14,17,2
55,P.caudatum,BLP,1,14,17,30
56,Blepharisma,BLP,2,14,17,1100
56,Loxocephallus,BLP,2,14,17,133.3333333
56,P.caudatum,BLP,2,14,17,30
57,Blepharisma,BLP,3,14,17,1200
57,Loxocephallus,BLP,3,14,17,100
57,P.caudatum,BLP,3,14,17,30
58,Blepharisma,BPL,1,14,17,900
58,P.caudatum,BPL,1,14,17,200
58,Loxocephallus,BPL,1,14,17,30
59,Blepharisma,BPL,2,14,17,900
59,P.caudatum,BPL,2,14,17,100
59,Loxocephallus,BPL,2,14,17,30
60,Blepharisma,BPL,3,14,17,300
60,P.caudatum,BPL,3,14,17,100
60,Loxocephallus,BPL,3,14,17,30
61,P.caudatum,ALL,1,14,17,4200
61,Loxocephallus,ALL,1,14,17,10800
61,Blepharisma,ALL,1,14,17,700
62,P.caudatum,ALL,2,14,17,5900
62,Loxocephallus,ALL,2,14,17,1700
62,Blepharisma,ALL,2,14,17,500
63,P.caudatum,ALL,3,14,17,6000
63,Loxocephallus,ALL,3,14,17,600
63,Blepharisma,ALL,3,14,17,300
64,P.caudatum,PLB,1,14,20,1100
64,Loxocephallus,PLB,1,14,20,100
64,Blepharisma,PLB,1,14,20,30
65,P.caudatum,PLB,2,14,20,83.33333333
65,Loxocephallus,PLB,2,14,20,1083.333333
65,Blepharisma,PLB,2,14,20,30
66,P.caudatum,PLB,3,14,20,5200
66,Loxocephallus,PLB,3,14,20,33.33333333
66,Blepharisma,PLB,3,14,20,30
67,P.caudatum,PBL,1,14,20,50
67,Blepharisma,PBL,1,14,20,100
67,Loxocephallus,PBL,1,14,20,30
68,P.caudatum,PBL,2,14,20,6200
68,Blepharisma,PBL,2,14,20,100
68,Loxocephallus,PBL,2,14,20,30
69,P.caudatum,PBL,3,14,20,2100
69,Blepharisma,PBL,3,14,20,200
69,Loxocephallus,PBL,3,14,20,30
70,Loxocephallus,LBP,1,14,20,4200
70,Blepharisma,LBP,1,14,20,100
70,P.caudatum,LBP,1,14,20,30
71,Loxocephallus,LBP,2,14,20,5600
71,Blepharisma,LBP,2,14,20,200
71,P.caudatum,LBP,2,14,20,30
72,Loxocephallus,LBP,3,14,20,6100
72,Blepharisma,LBP,3,14,20,150
72,P.caudatum,LBP,3,14,20,30
73,Loxocephallus,LPB,1,14,20,7500
73,P.caudatum,LPB,1,14,20,11500
73,Blepharisma,LPB,1,14,20,30
74,Loxocephallus,LPB,2,14,20,11000
74,P.caudatum,LPB,2,14,20,7000
74,Blepharisma,LPB,2,14,20,30
75,Loxocephallus,LPB,3,14,20,5500
75,P.caudatum,LPB,3,14,20,11000
75,Blepharisma,LPB,3,14,20,30
76,Blepharisma,BLP,1,14,20,3000
76,Loxocephallus,BLP,1,14,20,1000
76,P.caudatum,BLP,1,14,20,30
77,Blepharisma,BLP,2,14,20,3000
77,Loxocephallus,BLP,2,14,20,100
77,P.caudatum,BLP,2,14,20,30
78,Blepharisma,BLP,3,14,20,3600
78,Loxocephallus,BLP,3,14,20,33.33333333
78,P.caudatum,BLP,3,14,20,30
79,Blepharisma,BPL,1,14,20,2200
79,P.caudatum,BPL,1,14,20,3300
79,Loxocephallus,BPL,1,14,20,30
80,Blepharisma,BPL,2,14,20,800
80,P.caudatum,BPL,2,14,20,3700
80,Loxocephallus,BPL,2,14,20,30
81,Blepharisma,BPL,3,14,20,2800
81,P.caudatum,BPL,3,14,20,5400
81,Loxocephallus,BPL,3,14,20,30
82,P.caudatum,ALL,1,14,20,8500
82,Loxocephallus,ALL,1,14,20,1500
82,Blepharisma,ALL,1,14,20,1000
83,P.caudatum,ALL,2,14,20,9500
83,Loxocephallus,ALL,2,14,20,3000
83,Blepharisma,ALL,2,14,20,750
84,P.caudatum,ALL,3,14,20,7000
84,Loxocephallus,ALL,3,14,20,2000
84,Blepharisma,ALL,3,14,20,1000
85,P.caudatum,PLB,1,14,23,8000
85,Loxocephallus,PLB,1,14,23,22.72727273
85,Blepharisma,PLB,1,14,23,30
86,P.caudatum,PLB,2,14,23,8250
86,Loxocephallus,PLB,2,14,23,83.33333333
86,Blepharisma,PLB,2,14,23,30
87,P.caudatum,PLB,3,14,23,7000
87,Loxocephallus,PLB,3,14,23,3500
87,Blepharisma,PLB,3,14,23,30
88,P.caudatum,PBL,1,14,23,6500
88,Blepharisma,PBL,1,14,23,35.71428571
88,Loxocephallus,PBL,1,14,23,30
89,P.caudatum,PBL,2,14,23,8250
89,Blepharisma,PBL,2,14,23,18.51851852
89,Loxocephallus,PBL,2,14,23,30
91,Loxocephallus,LBP,1,14,23,3750
91,Blepharisma,LBP,1,14,23,1250
91,P.caudatum,LBP,1,14,23,30
92,Loxocephallus,LBP,2,14,23,9000
92,Blepharisma,LBP,2,14,23,500
92,P.caudatum,LBP,2,14,23,30
93,Loxocephallus,LBP,3,14,23,3750
93,Blepharisma,LBP,3,14,23,750
93,P.caudatum,LBP,3,14,23,30
94,Loxocephallus,LPB,1,14,23,7250
94,P.caudatum,LPB,1,14,23,6000
94,Blepharisma,LPB,1,14,23,30
95,Loxocephallus,LPB,2,14,23,12000
95,P.caudatum,LPB,2,14,23,7000
95,Blepharisma,LPB,2,14,23,30
96,Loxocephallus,LPB,3,14,23,5000
96,P.caudatum,LPB,3,14,23,5750
96,Blepharisma,LPB,3,14,23,30
97,Blepharisma,BLP,1,14,23,3500
97,Loxocephallus,BLP,1,14,23,750
97,P.caudatum,BLP,1,14,23,30
98,Blepharisma,BLP,2,14,23,7750
98,Loxocephallus,BLP,2,14,23,142.8571429
98,P.caudatum,BLP,2,14,23,30
99,Blepharisma,BLP,3,14,23,8750
99,Loxocephallus,BLP,3,14,23,500
99,P.caudatum,BLP,3,14,23,30
103,P.caudatum,ALL,1,14,23,8000
103,Loxocephallus,ALL,1,14,23,3250
103,Blepharisma,ALL,1,14,23,214.2857143
104,P.caudatum,ALL,2,14,23,9250
104,Loxocephallus,ALL,2,14,23,2250
104,Blepharisma,ALL,2,14,23,250
105,P.caudatum,ALL,3,14,23,7500
105,Loxocephallus,ALL,3,14,23,1500
105,Blepharisma,ALL,3,14,23,1000
106,P.caudatum,PLB,1,14,26,8750
106,Loxocephallus,PLB,1,14,26,41.66666667
106,Blepharisma,PLB,1,14,26,30
107,P.caudatum,PLB,2,14,26,7250
107,Loxocephallus,PLB,2,14,26,250
107,Blepharisma,PLB,2,14,26,30
108,P.caudatum,PLB,3,14,26,9500
108,Loxocephallus,PLB,3,14,26,22.72727273
108,Blepharisma,PLB,3,14,26,30
109,P.caudatum,PBL,1,14,26,15500
109,Blepharisma,PBL,1,14,26,250
109,Loxocephallus,PBL,1,14,26,30
110,P.caudatum,PBL,2,14,26,7250
110,Blepharisma,PBL,2,14,26,13.51351351
110,Loxocephallus,PBL,2,14,26,30
111,P.caudatum,PBL,3,14,26,6500
111,Blepharisma,PBL,3,14,26,71.42857143
111,Loxocephallus,PBL,3,14,26,30
112,Loxocephallus,LBP,1,14,26,12750
112,Blepharisma,LBP,1,14,26,3500
112,P.caudatum,LBP,1,14,26,30
113,Loxocephallus,LBP,2,14,26,4500
113,Blepharisma,LBP,2,14,26,6000
113,P.caudatum,LBP,2,14,26,30
114,Loxocephallus,LBP,3,14,26,18250
114,Blepharisma,LBP,3,14,26,4500
114,P.caudatum,LBP,3,14,26,30
115,Loxocephallus,LPB,1,14,26,1750
115,P.caudatum,LPB,1,14,26,10250
115,Blepharisma,LPB,1,14,26,30
116,Loxocephallus,LPB,2,14,26,1250
116,P.caudatum,LPB,2,14,26,11750
116,Blepharisma,LPB,2,14,26,30
117,Loxocephallus,LPB,3,14,26,8000
117,P.caudatum,LPB,3,14,26,11250
117,Blepharisma,LPB,3,14,26,30
118,Blepharisma,BLP,1,14,26,14250
118,Loxocephallus,BLP,1,14,26,250
118,P.caudatum,BLP,1,14,26,30
119,Blepharisma,BLP,2,14,26,6000
119,Loxocephallus,BLP,2,14,26,6750
119,P.caudatum,BLP,2,14,26,30
120,Blepharisma,BLP,3,14,26,9500
120,Loxocephallus,BLP,3,14,26,250
120,P.caudatum,BLP,3,14,26,30
121,Blepharisma,BPL,1,14,26,6750
121,P.caudatum,BPL,1,14,26,2250
121,Loxocephallus,BPL,1,14,26,30
122,Blepharisma,BPL,2,14,26,8750
122,P.caudatum,BPL,2,14,26,1250
122,Loxocephallus,BPL,2,14,26,30
123,Blepharisma,BPL,3,14,26,6500
123,P.caudatum,BPL,3,14,26,3000
123,Loxocephallus,BPL,3,14,26,30
124,P.caudatum,ALL,1,14,26,6250
124,Loxocephallus,ALL,1,14,26,4750
124,Blepharisma,ALL,1,14,26,1000
125,P.caudatum,ALL,2,14,26,8000
125,Loxocephallus,ALL,2,14,26,7500
125,Blepharisma,ALL,2,14,26,428.5714286
126,P.caudatum,ALL,3,14,26,5000
126,Loxocephallus,ALL,3,14,26,125
126,Blepharisma,ALL,3,14,26,750
1,P.caudatum,PLB,1,21,11,50
1,Loxocephallus,PLB,1,21,11,250
1,Blepharisma,PLB,1,21,11,50
2,P.caudatum,PLB,2,21,11,450
2,Loxocephallus,PLB,2,21,11,50
2,Blepharisma,PLB,2,21,11,3
3,P.caudatum,PLB,3,21,11,200
3,Loxocephallus,PLB,3,21,11,25
3,Blepharisma,PLB,3,21,11,50
4,P.caudatum,PBL,1,21,11,75
4,Blepharisma,PBL,1,21,11,25
4,Loxocephallus,PBL,1,21,11,1
5,P.caudatum,PBL,2,21,11,150
5,Blepharisma,PBL,2,21,11,50
5,Loxocephallus,PBL,2,21,11,16.66666667
6,P.caudatum,PBL,3,21,11,100
6,Blepharisma,PBL,3,21,11,200
6,Loxocephallus,PBL,3,21,11,20
7,Loxocephallus,LBP,1,21,11,600
7,Blepharisma,LBP,1,21,11,200
7,P.caudatum,LBP,1,21,11,75
8,Loxocephallus,LBP,2,21,11,850
8,Blepharisma,LBP,2,21,11,50
8,P.caudatum,LBP,2,21,11,25
9,Loxocephallus,LBP,3,21,11,1550
9,Blepharisma,LBP,3,21,11,50
9,P.caudatum,LBP,3,21,11,25
10,Loxocephallus,LPB,1,21,11,750
10,P.caudatum,LPB,1,21,11,125
10,Blepharisma,LPB,1,21,11,16.66666667
11,Loxocephallus,LPB,2,21,11,1050
11,P.caudatum,LPB,2,21,11,100
11,Blepharisma,LPB,2,21,11,25
12,Loxocephallus,LPB,3,21,11,1700
12,P.caudatum,LPB,3,21,11,100
12,Blepharisma,LPB,3,21,11,16.66666667
13,Blepharisma,BLP,1,21,11,150
13,Loxocephallus,BLP,1,21,11,150
13,P.caudatum,BLP,1,21,11,50
14,Blepharisma,BLP,2,21,11,50
14,Loxocephallus,BLP,2,21,11,150
14,P.caudatum,BLP,2,21,11,1
15,Blepharisma,BLP,3,21,11,200
15,Loxocephallus,BLP,3,21,11,0
15,P.caudatum,BLP,3,21,11,16.66666667
16,Blepharisma,BPL,1,21,11,250
16,P.caudatum,BPL,1,21,11,50
16,Loxocephallus,BPL,1,21,11,3
17,Blepharisma,BPL,2,21,11,200
17,P.caudatum,BPL,2,21,11,50
17,Loxocephallus,BPL,2,21,11,75
18,Blepharisma,BPL,3,21,11,100
18,P.caudatum,BPL,3,21,11,50
18,Loxocephallus,BPL,3,21,11,17
19,P.caudatum,ALL,1,21,11,50
19,Loxocephallus,ALL,1,21,11,200
19,Blepharisma,ALL,1,21,11,300
20,P.caudatum,ALL,2,21,11,100
20,Loxocephallus,ALL,2,21,11,400
20,Blepharisma,ALL,2,21,11,200
21,P.caudatum,ALL,3,21,11,50
21,Loxocephallus,ALL,3,21,11,200
21,Blepharisma,ALL,3,21,11,50
22,P.caudatum,PLB,1,21,14,100
22,Loxocephallus,PLB,1,21,14,200
22,Blepharisma,PLB,1,21,14,50
23,P.caudatum,PLB,2,21,14,100
23,Loxocephallus,PLB,2,21,14,100
23,Blepharisma,PLB,2,21,14,33.33333333
24,P.caudatum,PLB,3,21,14,6
24,Loxocephallus,PLB,3,21,14,300
24,Blepharisma,PLB,3,21,14,200
25,P.caudatum,PBL,1,21,14,500
25,Blepharisma,PBL,1,21,14,100
25,Loxocephallus,PBL,1,21,14,33.33333333
26,P.caudatum,PBL,2,21,14,4
26,Blepharisma,PBL,2,21,14,600
26,Loxocephallus,PBL,2,21,14,100
27,P.caudatum,PBL,3,21,14,100
27,Blepharisma,PBL,3,21,14,100
27,Loxocephallus,PBL,3,21,14,200
28,Loxocephallus,LBP,1,21,14,1900
28,Blepharisma,LBP,1,21,14,100
28,P.caudatum,LBP,1,21,14,400
29,Loxocephallus,LBP,2,21,14,1600
29,Blepharisma,LBP,2,21,14,100
29,P.caudatum,LBP,2,21,14,100
30,Loxocephallus,LBP,3,21,14,200
30,Blepharisma,LBP,3,21,14,200
30,P.caudatum,LBP,3,21,14,500
31,Loxocephallus,LPB,1,21,14,2700
31,P.caudatum,LPB,1,21,14,2400
31,Blepharisma,LPB,1,21,14,50
32,Loxocephallus,LPB,2,21,14,2750
32,P.caudatum,LPB,2,21,14,2900
32,Blepharisma,LPB,2,21,14,100
33,Loxocephallus,LPB,3,21,14,2200
33,P.caudatum,LPB,3,21,14,1600
33,Blepharisma,LPB,3,21,14,50
34,Blepharisma,BLP,1,21,14,1500
34,Loxocephallus,BLP,1,21,14,500
34,P.caudatum,BLP,1,21,14,50
35,Blepharisma,BLP,2,21,14,1000
35,Loxocephallus,BLP,2,21,14,800
35,P.caudatum,BLP,2,21,14,50
36,Blepharisma,BLP,3,21,14,1400
36,Loxocephallus,BLP,3,21,14,400
36,P.caudatum,BLP,3,21,14,100
37,Blepharisma,BPL,1,21,14,800
37,P.caudatum,BPL,1,21,14,50
37,Loxocephallus,BPL,1,21,14,300
38,Blepharisma,BPL,2,21,14,1300
38,P.caudatum,BPL,2,21,14,400
38,Loxocephallus,BPL,2,21,14,100
39,Blepharisma,BPL,3,21,14,1200
39,P.caudatum,BPL,3,21,14,500
39,Loxocephallus,BPL,3,21,14,8
40,P.caudatum,ALL,1,21,14,1100
40,Loxocephallus,ALL,1,21,14,1600
40,Blepharisma,ALL,1,21,14,1700
41,P.caudatum,ALL,2,21,14,100
41,Loxocephallus,ALL,2,21,14,4500
41,Blepharisma,ALL,2,21,14,1400
42,P.caudatum,ALL,3,21,14,700
42,Loxocephallus,ALL,3,21,14,100
42,Blepharisma,ALL,3,21,14,2000
43,P.caudatum,PLB,1,21,17,5600
43,Loxocephallus,PLB,1,21,17,100
43,Blepharisma,PLB,1,21,17,100
44,P.caudatum,PLB,2,21,17,50
44,Loxocephallus,PLB,2,21,17,2
44,Blepharisma,PLB,2,21,17,200
45,P.caudatum,PLB,3,21,17,4800
45,Loxocephallus,PLB,3,21,17,1300
45,Blepharisma,PLB,3,21,17,100
46,P.caudatum,PBL,1,21,17,100
46,Blepharisma,PBL,1,21,17,2000
46,Loxocephallus,PBL,1,21,17,200
47,P.caudatum,PBL,2,21,17,600
47,Blepharisma,PBL,2,21,17,1900
47,Loxocephallus,PBL,2,21,17,200
48,P.caudatum,PBL,3,21,17,1600
48,Blepharisma,PBL,3,21,17,1100
48,Loxocephallus,PBL,3,21,17,1
49,Loxocephallus,LBP,1,21,17,1400
49,Blepharisma,LBP,1,21,17,900
49,P.caudatum,LBP,1,21,17,3700
50,Loxocephallus,LBP,2,21,17,1900
50,Blepharisma,LBP,2,21,17,1000
50,P.caudatum,LBP,2,21,17,1400
51,Loxocephallus,LBP,3,21,17,2300
51,Blepharisma,LBP,3,21,17,600
51,P.caudatum,LBP,3,21,17,2800
52,Loxocephallus,LPB,1,21,17,8200
52,P.caudatum,LPB,1,21,17,6300
52,Blepharisma,LPB,1,21,17,25
53,Loxocephallus,LPB,2,21,17,800
53,P.caudatum,LPB,2,21,17,7000
53,Blepharisma,LPB,2,21,17,33.33333333
54,Loxocephallus,LPB,3,21,17,1700
54,P.caudatum,LPB,3,21,17,7400
54,Blepharisma,LPB,3,21,17,33.33333333
55,Blepharisma,BLP,1,21,17,2800
55,Loxocephallus,BLP,1,21,17,400
55,P.caudatum,BLP,1,21,17,300
56,Blepharisma,BLP,2,21,17,2400
56,Loxocephallus,BLP,2,21,17,1400
56,P.caudatum,BLP,2,21,17,1200
57,Blepharisma,BLP,3,21,17,1800
57,Loxocephallus,BLP,3,21,17,400
57,P.caudatum,BLP,3,21,17,400
58,Blepharisma,BPL,1,21,17,2900
58,P.caudatum,BPL,1,21,17,4000
58,Loxocephallus,BPL,1,21,17,2
59,Blepharisma,BPL,2,21,17,2300
59,P.caudatum,BPL,2,21,17,2900
59,Loxocephallus,BPL,2,21,17,400
60,Blepharisma,BPL,3,21,17,1500
60,P.caudatum,BPL,3,21,17,2700
60,Loxocephallus,BPL,3,21,17,9700
61,P.caudatum,ALL,1,21,17,4700
61,Loxocephallus,ALL,1,21,17,4700
61,Blepharisma,ALL,1,21,17,1100
62,P.caudatum,ALL,2,21,17,5200
62,Loxocephallus,ALL,2,21,17,3900
62,Blepharisma,ALL,2,21,17,1000
63,P.caudatum,ALL,3,21,17,7300
63,Loxocephallus,ALL,3,21,17,800
63,Blepharisma,ALL,3,21,17,233.3333333
64,P.caudatum,PLB,1,21,20,12000
64,Loxocephallus,PLB,1,21,20,250
64,Blepharisma,PLB,1,21,20,50
65,P.caudatum,PLB,2,21,20,9750
65,Loxocephallus,PLB,2,21,20,250
65,Blepharisma,PLB,2,21,20,8
66,P.caudatum,PLB,3,21,20,10000
66,Loxocephallus,PLB,3,21,20,500
66,Blepharisma,PLB,3,21,20,10
67,P.caudatum,PBL,1,21,20,6250
67,Blepharisma,PBL,1,21,20,500
67,Loxocephallus,PBL,1,21,20,83.33333333
68,P.caudatum,PBL,2,21,20,7500
68,Blepharisma,PBL,2,21,20,500
68,Loxocephallus,PBL,2,21,20,83.33333333
69,P.caudatum,PBL,3,21,20,10250
69,Blepharisma,PBL,3,21,20,1250
69,Loxocephallus,PBL,3,21,20,0
70,Loxocephallus,LBP,1,21,20,10500
70,Blepharisma,LBP,1,21,20,2250
70,P.caudatum,LBP,1,21,20,4750
71,Loxocephallus,LBP,2,21,20,16750
71,Blepharisma,LBP,2,21,20,2250
71,P.caudatum,LBP,2,21,20,2500
72,Loxocephallus,LBP,3,21,20,2250
72,Blepharisma,LBP,3,21,20,2000
72,P.caudatum,LBP,3,21,20,2500
73,Loxocephallus,LPB,1,21,20,8500
73,P.caudatum,LPB,1,21,20,7500
73,Blepharisma,LPB,1,21,20,83.33333333
74,Loxocephallus,LPB,2,21,20,8500
74,P.caudatum,LPB,2,21,20,13250
74,Blepharisma,LPB,2,21,20,83.33333333
75,Loxocephallus,LPB,3,21,20,17000
75,P.caudatum,LPB,3,21,20,5000
75,Blepharisma,LPB,3,21,20,50
76,Blepharisma,BLP,1,21,20,6500
76,Loxocephallus,BLP,1,21,20,250
76,P.caudatum,BLP,1,21,20,500
77,Blepharisma,BLP,2,21,20,5250
77,Loxocephallus,BLP,2,21,20,500
77,P.caudatum,BLP,2,21,20,250
78,Blepharisma,BLP,3,21,20,3750
78,Loxocephallus,BLP,3,21,20,7250
78,P.caudatum,BLP,3,21,20,250
79,Blepharisma,BPL,1,21,20,4250
79,P.caudatum,BPL,1,21,20,4500
79,Loxocephallus,BPL,1,21,20,250
80,Blepharisma,BPL,2,21,20,2500
80,P.caudatum,BPL,2,21,20,10500
80,Loxocephallus,BPL,2,21,20,750
81,Blepharisma,BPL,3,21,20,2500
81,P.caudatum,BPL,3,21,20,7750
81,Loxocephallus,BPL,3,21,20,1000
82,P.caudatum,ALL,1,21,20,9250
82,Loxocephallus,ALL,1,21,20,250
82,Blepharisma,ALL,1,21,20,1250
83,P.caudatum,ALL,2,21,20,9250
83,Loxocephallus,ALL,2,21,20,5250
83,Blepharisma,ALL,2,21,20,500
84,P.caudatum,ALL,3,21,20,7000
84,Loxocephallus,ALL,3,21,20,500
84,Blepharisma,ALL,3,21,20,1000
85,P.caudatum,PLB,1,21,23,3250
85,Loxocephallus,PLB,1,21,23,6
85,Blepharisma,PLB,1,21,23,9
86,P.caudatum,PLB,2,21,23,6000
86,Loxocephallus,PLB,2,21,23,1500
86,Blepharisma,PLB,2,21,23,100
87,P.caudatum,PLB,3,21,23,9250
87,Loxocephallus,PLB,3,21,23,5000
87,Blepharisma,PLB,3,21,23,50
88,P.caudatum,PBL,1,21,23,6250
88,Blepharisma,PBL,1,21,23,250
88,Loxocephallus,PBL,1,21,23,83.33333333
89,P.caudatum,PBL,2,21,23,4000
89,Blepharisma,PBL,2,21,23,93.75
89,Loxocephallus,PBL,2,21,23,4
91,Loxocephallus,LBP,1,21,23,2500
91,Blepharisma,LBP,1,21,23,1750
91,P.caudatum,LBP,1,21,23,2000
92,Loxocephallus,LBP,2,21,23,2250
92,Blepharisma,LBP,2,21,23,4250
92,P.caudatum,LBP,2,21,23,1250
93,Loxocephallus,LBP,3,21,23,7000
93,Blepharisma,LBP,3,21,23,3000
93,P.caudatum,LBP,3,21,23,500
94,Loxocephallus,LPB,1,21,23,17500
94,P.caudatum,LPB,1,21,23,6250
94,Blepharisma,LPB,1,21,23,250
95,Loxocephallus,LPB,2,21,23,14250
95,P.caudatum,LPB,2,21,23,5750
95,Blepharisma,LPB,2,21,23,250
96,Loxocephallus,LPB,3,21,23,5000
96,P.caudatum,LPB,3,21,23,7500
96,Blepharisma,LPB,3,21,23,250
97,Blepharisma,BLP,1,21,23,5250
97,Loxocephallus,BLP,1,21,23,1500
97,P.caudatum,BLP,1,21,23,250
98,Blepharisma,BLP,2,21,23,6000
98,Loxocephallus,BLP,2,21,23,750
98,P.caudatum,BLP,2,21,23,62.5
99,Blepharisma,BLP,3,21,23,9500
99,Loxocephallus,BLP,3,21,23,1500
99,P.caudatum,BLP,3,21,23,500
103,P.caudatum,ALL,1,21,23,4750
103,Loxocephallus,ALL,1,21,23,4500
103,Blepharisma,ALL,1,21,23,1000
104,P.caudatum,ALL,2,21,23,4500
104,Loxocephallus,ALL,2,21,23,7500
104,Blepharisma,ALL,2,21,23,500
105,P.caudatum,ALL,3,21,23,4750
105,Loxocephallus,ALL,3,21,23,500
105,Blepharisma,ALL,3,21,23,250
106,P.caudatum,PLB,1,21,26,1500
106,Loxocephallus,PLB,1,21,26,166.6666667
106,Blepharisma,PLB,1,21,26,50
107,P.caudatum,PLB,2,21,26,2750
107,Loxocephallus,PLB,2,21,26,1500
107,Blepharisma,PLB,2,21,26,41.66666667
108,P.caudatum,PLB,3,21,26,2750
108,Loxocephallus,PLB,3,21,26,0
108,Blepharisma,PLB,3,21,26,29.41176471
109,P.caudatum,PBL,1,21,26,9500
109,Blepharisma,PBL,1,21,26,166.6666667
109,Loxocephallus,PBL,1,21,26,1250
110,P.caudatum,PBL,2,21,26,2750
110,Blepharisma,PBL,2,21,26,250
110,Loxocephallus,PBL,2,21,26,3750
111,P.caudatum,PBL,3,21,26,1500
111,Blepharisma,PBL,3,21,26,250
111,Loxocephallus,PBL,3,21,26,285.7142857
112,Loxocephallus,LBP,1,21,26,7500
112,Blepharisma,LBP,1,21,26,8500
112,P.caudatum,LBP,1,21,26,250
113,Loxocephallus,LBP,2,21,26,2750
113,Blepharisma,LBP,2,21,26,7500
113,P.caudatum,LBP,2,21,26,250
114,Loxocephallus,LBP,3,21,26,22000
114,Blepharisma,LBP,3,21,26,9750
114,P.caudatum,LBP,3,21,26,250
115,Loxocephallus,LPB,1,21,26,9500
115,P.caudatum,LPB,1,21,26,3500
115,Blepharisma,LPB,1,21,26,83.33333333
116,Loxocephallus,LPB,2,21,26,18500
116,P.caudatum,LPB,2,21,26,6500
116,Blepharisma,LPB,2,21,26,45.45454545
117,Loxocephallus,LPB,3,21,26,500
117,P.caudatum,LPB,3,21,26,1500
117,Blepharisma,LPB,3,21,26,25
118,Blepharisma,BLP,1,21,26,7250
118,Loxocephallus,BLP,1,21,26,0
118,P.caudatum,BLP,1,21,26,250
119,Blepharisma,BLP,2,21,26,8500
119,Loxocephallus,BLP,2,21,26,1750
119,P.caudatum,BLP,2,21,26,750
120,Blepharisma,BLP,3,21,26,12000
120,Loxocephallus,BLP,3,21,26,3500
120,P.caudatum,BLP,3,21,26,83.33333333
121,Blepharisma,BPL,1,21,26,7000
121,P.caudatum,BPL,1,21,26,1500
121,Loxocephallus,BPL,1,21,26,2000
122,Blepharisma,BPL,2,21,26,9500
122,P.caudatum,BPL,2,21,26,750
122,Loxocephallus,BPL,2,21,26,2
123,Blepharisma,BPL,3,21,26,8500
123,P.caudatum,BPL,3,21,26,750
123,Loxocephallus,BPL,3,21,26,250
124,P.caudatum,ALL,1,21,26,2000
124,Loxocephallus,ALL,1,21,26,600
124,Blepharisma,ALL,1,21,26,500
125,P.caudatum,ALL,2,21,26,500
125,Loxocephallus,ALL,2,21,26,0
125,Blepharisma,ALL,2,21,26,1100
126,P.caudatum,ALL,3,21,26,1000
126,Loxocephallus,ALL,3,21,26,0
126,Blepharisma,ALL,3,21,26,750
1,P.caudatum,PLB,1,42,11,3000
1,Loxocephallus,PLB,1,42,11,900
1,Blepharisma,PLB,1,42,11,100
2,P.caudatum,PLB,2,42,11,3600
2,Loxocephallus,PLB,2,42,11,50
2,Blepharisma,PLB,2,42,11,33.33333333
3,P.caudatum,PLB,3,42,11,900
3,Loxocephallus,PLB,3,42,11,400
3,Blepharisma,PLB,3,42,11,200
4,P.caudatum,PBL,1,42,11,3000
4,Blepharisma,PBL,1,42,11,500
4,Loxocephallus,PBL,1,42,11,300
5,P.caudatum,PBL,2,42,11,2700
5,Blepharisma,PBL,2,42,11,400
5,Loxocephallus,PBL,2,42,11,300
6,P.caudatum,PBL,3,42,11,2400
6,Blepharisma,PBL,3,42,11,800
6,Loxocephallus,PBL,3,42,11,500
7,Loxocephallus,LBP,1,42,11,4600
7,Blepharisma,LBP,1,42,11,200
7,P.caudatum,LBP,1,42,11,3400
8,Loxocephallus,LBP,2,42,11,700
8,Blepharisma,LBP,2,42,11,200
8,P.caudatum,LBP,2,42,11,2000
9,Loxocephallus,LBP,3,42,11,20300
9,Blepharisma,LBP,3,42,11,600
9,P.caudatum,LBP,3,42,11,900
10,Loxocephallus,LPB,1,42,11,1400
10,P.caudatum,LPB,1,42,11,2600
10,Blepharisma,LPB,1,42,11,100
11,Loxocephallus,LPB,2,42,11,1300
11,P.caudatum,LPB,2,42,11,3000
11,Blepharisma,LPB,2,42,11,100
12,Loxocephallus,LPB,3,42,11,2900
12,P.caudatum,LPB,3,42,11,900
12,Blepharisma,LPB,3,42,11,33.33333333
13,Blepharisma,BLP,1,42,11,500
13,Loxocephallus,BLP,1,42,11,600
13,P.caudatum,BLP,1,42,11,200
14,Blepharisma,BLP,2,42,11,800
14,Loxocephallus,BLP,2,42,11,2800
14,P.caudatum,BLP,2,42,11,900
15,Blepharisma,BLP,3,42,11,700
15,Loxocephallus,BLP,3,42,11,1200
15,P.caudatum,BLP,3,42,11,1200
16,Blepharisma,BPL,1,42,11,1100
16,P.caudatum,BPL,1,42,11,400
16,Loxocephallus,BPL,1,42,11,200
17,Blepharisma,BPL,2,42,11,700
17,P.caudatum,BPL,2,42,11,800
17,Loxocephallus,BPL,2,42,11,4300
18,Blepharisma,BPL,3,42,11,500
18,P.caudatum,BPL,3,42,11,200
18,Loxocephallus,BPL,3,42,11,2300
19,P.caudatum,ALL,1,42,11,100
19,Loxocephallus,ALL,1,42,11,1900
19,Blepharisma,ALL,1,42,11,1200
20,P.caudatum,ALL,2,42,11,300
20,Loxocephallus,ALL,2,42,11,1400
20,Blepharisma,ALL,2,42,11,800
21,P.caudatum,ALL,3,42,11,100
21,Loxocephallus,ALL,3,42,11,200
21,Blepharisma,ALL,3,42,11,1200
22,P.caudatum,PLB,1,42,14,5500
22,Loxocephallus,PLB,1,42,14,0
22,Blepharisma,PLB,1,42,14,19
23,P.caudatum,PLB,2,42,14,6100
23,Loxocephallus,PLB,2,42,14,0
23,Blepharisma,PLB,2,42,14,6.666666667
24,P.caudatum,PLB,3,42,14,9000
24,Loxocephallus,PLB,3,42,14,10600
24,Blepharisma,PLB,3,42,14,100
25,P.caudatum,PBL,1,42,14,4200
25,Blepharisma,PBL,1,42,14,50
25,Loxocephallus,PBL,1,42,14,0
26,P.caudatum,PBL,2,42,14,1600
26,Blepharisma,PBL,2,42,14,500
26,Loxocephallus,PBL,2,42,14,4100
27,P.caudatum,PBL,3,42,14,3400
27,Blepharisma,PBL,3,42,14,100
27,Loxocephallus,PBL,3,42,14,200
28,Loxocephallus,LBP,1,42,14,800
28,Blepharisma,LBP,1,42,14,50
28,P.caudatum,LBP,1,42,14,3600
29,Loxocephallus,LBP,2,42,14,300
29,Blepharisma,LBP,2,42,14,100
29,P.caudatum,LBP,2,42,14,4000
30,Loxocephallus,LBP,3,42,14,1800
30,Blepharisma,LBP,3,42,14,100
30,P.caudatum,LBP,3,42,14,5700
31,Loxocephallus,LPB,1,42,14,1200
31,P.caudatum,LPB,1,42,14,7700
31,Blepharisma,LPB,1,42,14,33.33333333
32,Loxocephallus,LPB,2,42,14,0
32,P.caudatum,LPB,2,42,14,6600
32,Blepharisma,LPB,2,42,14,6
33,Loxocephallus,LPB,3,42,14,50
33,P.caudatum,LPB,3,42,14,6600
33,Blepharisma,LPB,3,42,14,50
34,Blepharisma,BLP,1,42,14,900
34,Loxocephallus,BLP,1,42,14,1
34,P.caudatum,BLP,1,42,14,2700
35,Blepharisma,BLP,2,42,14,1600
35,Loxocephallus,BLP,2,42,14,2
35,P.caudatum,BLP,2,42,14,1300
36,Blepharisma,BLP,3,42,14,1600
36,Loxocephallus,BLP,3,42,14,200
36,P.caudatum,BLP,3,42,14,2300
37,Blepharisma,BPL,1,42,14,1800
37,P.caudatum,BPL,1,42,14,900
37,Loxocephallus,BPL,1,42,14,6100
38,Blepharisma,BPL,2,42,14,900
38,P.caudatum,BPL,2,42,14,2700
38,Loxocephallus,BPL,2,42,14,100
39,Blepharisma,BPL,3,42,14,1200
39,P.caudatum,BPL,3,42,14,3300
39,Loxocephallus,BPL,3,42,14,0
40,P.caudatum,ALL,1,42,14,2800
40,Loxocephallus,ALL,1,42,14,0
40,Blepharisma,ALL,1,42,14,300
41,P.caudatum,ALL,2,42,14,3400
41,Loxocephallus,ALL,2,42,14,9800
41,Blepharisma,ALL,2,42,14,700
42,P.caudatum,ALL,3,42,14,2200
42,Loxocephallus,ALL,3,42,14,700
42,Blepharisma,ALL,3,42,14,1200
43,P.caudatum,PLB,1,42,17,300
43,Loxocephallus,PLB,1,42,17,1
43,Blepharisma,PLB,1,42,17,100
44,P.caudatum,PLB,2,42,17,2200
44,Loxocephallus,PLB,2,42,17,0
44,Blepharisma,PLB,2,42,17,500
45,P.caudatum,PLB,3,42,17,1100
45,Loxocephallus,PLB,3,42,17,0
45,Blepharisma,PLB,3,42,17,300
46,P.caudatum,PBL,1,42,17,6300
46,Blepharisma,PBL,1,42,17,3700
46,Loxocephallus,PBL,1,42,17,2700
47,P.caudatum,PBL,2,42,17,600
47,Blepharisma,PBL,2,42,17,2200
47,Loxocephallus,PBL,2,42,17,0
48,P.caudatum,PBL,3,42,17,1000
48,Blepharisma,PBL,3,42,17,900
48,Loxocephallus,PBL,3,42,17,0
49,Loxocephallus,LBP,1,42,17,0
49,Blepharisma,LBP,1,42,17,700
49,P.caudatum,LBP,1,42,17,200
50,Loxocephallus,LBP,2,42,17,0
50,Blepharisma,LBP,2,42,17,800
50,P.caudatum,LBP,2,42,17,1300
51,Loxocephallus,LBP,3,42,17,0
51,Blepharisma,LBP,3,42,17,300
51,P.caudatum,LBP,3,42,17,700
52,Loxocephallus,LPB,1,42,17,1700
52,P.caudatum,LPB,1,42,17,2000
52,Blepharisma,LPB,1,42,17,4
53,Loxocephallus,LPB,2,42,17,400
53,P.caudatum,LPB,2,42,17,1500
53,Blepharisma,LPB,2,42,17,500
54,Loxocephallus,LPB,3,42,17,0
54,P.caudatum,LPB,3,42,17,900
54,Blepharisma,LPB,3,42,17,700
55,Blepharisma,BLP,1,42,17,3900
55,Loxocephallus,BLP,1,42,17,100
55,P.caudatum,BLP,1,42,17,1400
56,Blepharisma,BLP,2,42,17,3100
56,Loxocephallus,BLP,2,42,17,1000
56,P.caudatum,BLP,2,42,17,2300
57,Blepharisma,BLP,3,42,17,2200
57,Loxocephallus,BLP,3,42,17,0
57,P.caudatum,BLP,3,42,17,500
58,Blepharisma,BPL,1,42,17,2600
58,P.caudatum,BPL,1,42,17,700
58,Loxocephallus,BPL,1,42,17,0
59,Blepharisma,BPL,2,42,17,3000
59,P.caudatum,BPL,2,42,17,3900
59,Loxocephallus,BPL,2,42,17,10400
60,Blepharisma,BPL,3,42,17,1800
60,P.caudatum,BPL,3,42,17,5000
60,Loxocephallus,BPL,3,42,17,6500
61,P.caudatum,ALL,1,42,17,3300
61,Loxocephallus,ALL,1,42,17,6100
61,Blepharisma,ALL,1,42,17,600
62,P.caudatum,ALL,2,42,17,500
62,Loxocephallus,ALL,2,42,17,0
62,Blepharisma,ALL,2,42,17,1000
63,P.caudatum,ALL,3,42,17,500
63,Loxocephallus,ALL,3,42,17,0
63,Blepharisma,ALL,3,42,17,1200
64,P.caudatum,PLB,1,42,20,2100
64,Loxocephallus,PLB,1,42,20,11
64,Blepharisma,PLB,1,42,20,1100
65,P.caudatum,PLB,2,42,20,1200
65,Loxocephallus,PLB,2,42,20,9700
65,Blepharisma,PLB,2,42,20,900
66,P.caudatum,PLB,3,42,20,2000
66,Loxocephallus,PLB,3,42,20,100
66,Blepharisma,PLB,3,42,20,100
67,P.caudatum,PBL,1,42,20,2200
67,Blepharisma,PBL,1,42,20,800
67,Loxocephallus,PBL,1,42,20,0
68,P.caudatum,PBL,2,42,20,700
68,Blepharisma,PBL,2,42,20,700
68,Loxocephallus,PBL,2,42,20,100
69,P.caudatum,PBL,3,42,20,5000
69,Blepharisma,PBL,3,42,20,1300
69,Loxocephallus,PBL,3,42,20,700
70,Loxocephallus,LBP,1,42,20,0
70,Blepharisma,LBP,1,42,20,2000
70,P.caudatum,LBP,1,42,20,400
71,Loxocephallus,LBP,2,42,20,0
71,Blepharisma,LBP,2,42,20,1100
71,P.caudatum,LBP,2,42,20,200
72,Loxocephallus,LBP,3,42,20,0
72,Blepharisma,LBP,3,42,20,1600
72,P.caudatum,LBP,3,42,20,1200
73,Loxocephallus,LPB,1,42,20,0
73,P.caudatum,LPB,1,42,20,100
73,Blepharisma,LPB,1,42,20,800
74,Loxocephallus,LPB,2,42,20,2400
74,P.caudatum,LPB,2,42,20,2100
74,Blepharisma,LPB,2,42,20,1900
75,Loxocephallus,LPB,3,42,20,0
75,P.caudatum,LPB,3,42,20,100
75,Blepharisma,LPB,3,42,20,1300
76,Blepharisma,BLP,1,42,20,3500
76,Loxocephallus,BLP,1,42,20,8900
76,P.caudatum,BLP,1,42,20,500
77,Blepharisma,BLP,2,42,20,3500
77,Loxocephallus,BLP,2,42,20,400
77,P.caudatum,BLP,2,42,20,800
78,Blepharisma,BLP,3,42,20,5200
78,Loxocephallus,BLP,3,42,20,1600
78,P.caudatum,BLP,3,42,20,700
79,Blepharisma,BPL,1,42,20,2200
79,P.caudatum,BPL,1,42,20,100
79,Loxocephallus,BPL,1,42,20,0
80,Blepharisma,BPL,2,42,20,2700
80,P.caudatum,BPL,2,42,20,1500
80,Loxocephallus,BPL,2,42,20,1
81,Blepharisma,BPL,3,42,20,2700
81,P.caudatum,BPL,3,42,20,1100
81,Loxocephallus,BPL,3,42,20,1800
82,P.caudatum,ALL,1,42,20,100
82,Loxocephallus,ALL,1,42,20,0
82,Blepharisma,ALL,1,42,20,1100
83,P.caudatum,ALL,2,42,20,100
83,Loxocephallus,ALL,2,42,20,0
83,Blepharisma,ALL,2,42,20,1400
84,P.caudatum,ALL,3,42,20,100
84,Loxocephallus,ALL,3,42,20,0
84,Blepharisma,ALL,3,42,20,1700
85,P.caudatum,PLB,1,42,23,1300
85,Loxocephallus,PLB,1,42,23,0
85,Blepharisma,PLB,1,42,23,300
86,P.caudatum,PLB,2,42,23,2800
86,Loxocephallus,PLB,2,42,23,200
86,Blepharisma,PLB,2,42,23,700
87,P.caudatum,PLB,3,42,23,2000
87,Loxocephallus,PLB,3,42,23,2700
87,Blepharisma,PLB,3,42,23,900
88,P.caudatum,PBL,1,42,23,1200
88,Blepharisma,PBL,1,42,23,800
88,Loxocephallus,PBL,1,42,23,0
89,P.caudatum,PBL,2,42,23,1400
89,Blepharisma,PBL,2,42,23,800
89,Loxocephallus,PBL,2,42,23,1200
91,Loxocephallus,LBP,1,42,23,0
91,Blepharisma,LBP,1,42,23,1500
91,P.caudatum,LBP,1,42,23,33.33333333
92,Loxocephallus,LBP,2,42,23,1800
92,Blepharisma,LBP,2,42,23,4600
92,P.caudatum,LBP,2,42,23,500
93,Loxocephallus,LBP,3,42,23,4800
93,Blepharisma,LBP,3,42,23,4700
93,P.caudatum,LBP,3,42,23,900
94,Loxocephallus,LPB,1,42,23,100
94,P.caudatum,LPB,1,42,23,1400
94,Blepharisma,LPB,1,42,23,2100
95,Loxocephallus,LPB,2,42,23,0
95,P.caudatum,LPB,2,42,23,900
95,Blepharisma,LPB,2,42,23,600
96,Loxocephallus,LPB,3,42,23,0
96,P.caudatum,LPB,3,42,23,500
96,Blepharisma,LPB,3,42,23,400
97,Blepharisma,BLP,1,42,23,4800
97,Loxocephallus,BLP,1,42,23,2000
97,P.caudatum,BLP,1,42,23,300
98,Blepharisma,BLP,2,42,23,3700
98,Loxocephallus,BLP,2,42,23,0
98,P.caudatum,BLP,2,42,23,100
99,Blepharisma,BLP,3,42,23,3700
99,Loxocephallus,BLP,3,42,23,200
99,P.caudatum,BLP,3,42,23,200
101,Blepharisma,BPL,2,42,23,0
103,P.caudatum,ALL,1,42,23,1200
103,Loxocephallus,ALL,1,42,23,3500
103,Blepharisma,ALL,1,42,23,3100
104,P.caudatum,ALL,2,42,23,1200
104,Loxocephallus,ALL,2,42,23,900
104,Blepharisma,ALL,2,42,23,1800
105,P.caudatum,ALL,3,42,23,100
105,Loxocephallus,ALL,3,42,23,0
105,Blepharisma,ALL,3,42,23,800
106,P.caudatum,PLB,1,42,26,600
106,Loxocephallus,PLB,1,42,26,0
106,Blepharisma,PLB,1,42,26,300
107,P.caudatum,PLB,2,42,26,1500
107,Loxocephallus,PLB,2,42,26,900
107,Blepharisma,PLB,2,42,26,1900
108,P.caudatum,PLB,3,42,26,2300
108,Loxocephallus,PLB,3,42,26,0
108,Blepharisma,PLB,3,42,26,300
109,P.caudatum,PBL,1,42,26,2100
109,Blepharisma,PBL,1,42,26,2500
109,Loxocephallus,PBL,1,42,26,0
110,P.caudatum,PBL,2,42,26,1700
110,Blepharisma,PBL,2,42,26,1300
110,Loxocephallus,PBL,2,42,26,3500
111,P.caudatum,PBL,3,42,26,1000
111,Blepharisma,PBL,3,42,26,1400
111,Loxocephallus,PBL,3,42,26,3500
112,Loxocephallus,LBP,1,42,26,0
112,Blepharisma,LBP,1,42,26,4100
112,P.caudatum,LBP,1,42,26,100
113,Loxocephallus,LBP,2,42,26,3100
113,Blepharisma,LBP,2,42,26,4400
113,P.caudatum,LBP,2,42,26,800
114,Loxocephallus,LBP,3,42,26,7800
114,Blepharisma,LBP,3,42,26,5600
114,P.caudatum,LBP,3,42,26,100
115,Loxocephallus,LPB,1,42,26,300
115,P.caudatum,LPB,1,42,26,1100
115,Blepharisma,LPB,1,42,26,1500
116,Loxocephallus,LPB,2,42,26,21000
116,P.caudatum,LPB,2,42,26,1600
116,Blepharisma,LPB,2,42,26,1700
117,Loxocephallus,LPB,3,42,26,0
117,P.caudatum,LPB,3,42,26,1600
117,Blepharisma,LPB,3,42,26,3700
118,Blepharisma,BLP,1,42,26,2400
118,Loxocephallus,BLP,1,42,26,0
118,P.caudatum,BLP,1,42,26,100
119,Blepharisma,BLP,2,42,26,4100
119,Loxocephallus,BLP,2,42,26,300
119,P.caudatum,BLP,2,42,26,100
120,Blepharisma,BLP,3,42,26,7900
120,Loxocephallus,BLP,3,42,26,4200
120,P.caudatum,BLP,3,42,26,100
121,Blepharisma,BPL,1,42,26,2300
121,P.caudatum,BPL,1,42,26,900
121,Loxocephallus,BPL,1,42,26,2300
122,Blepharisma,BPL,2,42,26,11400
122,P.caudatum,BPL,2,42,26,0
122,Loxocephallus,BPL,2,42,26,16700
123,Blepharisma,BPL,3,42,26,3700
123,P.caudatum,BPL,3,42,26,100
123,Loxocephallus,BPL,3,42,26,0
124,P.caudatum,ALL,1,42,26,200
124,Loxocephallus,ALL,1,42,26,0
124,Blepharisma,ALL,1,42,26,2900
125,P.caudatum,ALL,2,42,26,600
125,Loxocephallus,ALL,2,42,26,0
125,Blepharisma,ALL,2,42,26,3400
126,P.caudatum,ALL,3,42,26,700
126,Loxocephallus,ALL,3,42,26,0
126,Blepharisma,ALL,3,42,26,2400
1,P.caudatum,PLB,1,70,11,2500
1,Loxocephallus,PLB,1,70,11,0
1,Blepharisma,PLB,1,70,11,1500
2,P.caudatum,PLB,2,70,11,3800
2,Loxocephallus,PLB,2,70,11,2300
2,Blepharisma,PLB,2,70,11,23
3,P.caudatum,PLB,3,70,11,2500
3,Loxocephallus,PLB,3,70,11,0
3,Blepharisma,PLB,3,70,11,9
4,P.caudatum,PBL,1,70,11,2500
4,Blepharisma,PBL,1,70,11,500
4,Loxocephallus,PBL,1,70,11,0
5,P.caudatum,PBL,2,70,11,2100
5,Blepharisma,PBL,2,70,11,300
5,Loxocephallus,PBL,2,70,11,1
6,P.caudatum,PBL,3,70,11,2000
6,Blepharisma,PBL,3,70,11,40
6,Loxocephallus,PBL,3,70,11,0
7,Loxocephallus,LBP,1,70,11,0
7,Blepharisma,LBP,1,70,11,100
7,P.caudatum,LBP,1,70,11,2700
8,Loxocephallus,LBP,2,70,11,500
8,Blepharisma,LBP,2,70,11,200
8,P.caudatum,LBP,2,70,11,3100
9,Loxocephallus,LBP,3,70,11,12750
9,Blepharisma,LBP,3,70,11,500
9,P.caudatum,LBP,3,70,11,2100
10,Loxocephallus,LPB,1,70,11,0
10,P.caudatum,LPB,1,70,11,4100
10,Blepharisma,LPB,1,70,11,4
11,Loxocephallus,LPB,2,70,11,0
11,P.caudatum,LPB,2,70,11,3300
11,Blepharisma,LPB,2,70,11,2
12,Loxocephallus,LPB,3,70,11,200
12,P.caudatum,LPB,3,70,11,3600
12,Blepharisma,LPB,3,70,11,5
13,Blepharisma,BLP,1,70,11,200
13,Loxocephallus,BLP,1,70,11,0
13,P.caudatum,BLP,1,70,11,1600
14,Blepharisma,BLP,2,70,11,500
14,Loxocephallus,BLP,2,70,11,3100
14,P.caudatum,BLP,2,70,11,1200
15,Blepharisma,BLP,3,70,11,700
15,Loxocephallus,BLP,3,70,11,0
15,P.caudatum,BLP,3,70,11,1200
16,Blepharisma,BPL,1,70,11,700
16,P.caudatum,BPL,1,70,11,1500
16,Loxocephallus,BPL,1,70,11,0
17,Blepharisma,BPL,2,70,11,1500
17,P.caudatum,BPL,2,70,11,1900
17,Loxocephallus,BPL,2,70,11,3800
18,Blepharisma,BPL,3,70,11,600
18,P.caudatum,BPL,3,70,11,500
18,Loxocephallus,BPL,3,70,11,3800
19,P.caudatum,ALL,1,70,11,1200
19,Loxocephallus,ALL,1,70,11,4
19,Blepharisma,ALL,1,70,11,1400
20,P.caudatum,ALL,2,70,11,1300
20,Loxocephallus,ALL,2,70,11,0
20,Blepharisma,ALL,2,70,11,500
21,P.caudatum,ALL,3,70,11,900
21,Loxocephallus,ALL,3,70,11,100
21,Blepharisma,ALL,3,70,11,800
22,P.caudatum,PLB,1,70,14,500
22,Loxocephallus,PLB,1,70,14,0
22,Blepharisma,PLB,1,70,14,300
23,P.caudatum,PLB,2,70,14,1
23,Loxocephallus,PLB,2,70,14,0
23,Blepharisma,PLB,2,70,14,50
24,P.caudatum,PLB,3,70,14,1800
24,Loxocephallus,PLB,3,70,14,9750
24,Blepharisma,PLB,3,70,14,200
25,P.caudatum,PBL,1,70,14,800
25,Blepharisma,PBL,1,70,14,100
25,Loxocephallus,PBL,1,70,14,0
26,P.caudatum,PBL,2,70,14,300
26,Blepharisma,PBL,2,70,14,600
26,Loxocephallus,PBL,2,70,14,3500
27,P.caudatum,PBL,3,70,14,50
27,Blepharisma,PBL,3,70,14,200
27,Loxocephallus,PBL,3,70,14,0
28,Loxocephallus,LBP,1,70,14,0
28,Blepharisma,LBP,1,70,14,22
28,P.caudatum,LBP,1,70,14,600
29,Loxocephallus,LBP,2,70,14,0
29,Blepharisma,LBP,2,70,14,100
29,P.caudatum,LBP,2,70,14,600
30,Loxocephallus,LBP,3,70,14,0
30,Blepharisma,LBP,3,70,14,300
30,P.caudatum,LBP,3,70,14,1300
31,Loxocephallus,LPB,1,70,14,0
31,P.caudatum,LPB,1,70,14,100
31,Blepharisma,LPB,1,70,14,100
32,Loxocephallus,LPB,2,70,14,0
32,P.caudatum,LPB,2,70,14,900
32,Blepharisma,LPB,2,70,14,3
33,Loxocephallus,LPB,3,70,14,0
33,P.caudatum,LPB,3,70,14,900
33,Blepharisma,LPB,3,70,14,3
34,Blepharisma,BLP,1,70,14,800
34,Loxocephallus,BLP,1,70,14,0
34,P.caudatum,BLP,1,70,14,1000
35,Blepharisma,BLP,2,70,14,500
35,Loxocephallus,BLP,2,70,14,0
35,P.caudatum,BLP,2,70,14,200
36,Blepharisma,BLP,3,70,14,200
36,Loxocephallus,BLP,3,70,14,0
36,P.caudatum,BLP,3,70,14,1000
37,Blepharisma,BPL,1,70,14,1900
37,P.caudatum,BPL,1,70,14,500
37,Loxocephallus,BPL,1,70,14,3500
38,Blepharisma,BPL,2,70,14,500
38,P.caudatum,BPL,2,70,14,600
38,Loxocephallus,BPL,2,70,14,0
39,Blepharisma,BPL,3,70,14,600
39,P.caudatum,BPL,3,70,14,900
39,Loxocephallus,BPL,3,70,14,0
40,P.caudatum,ALL,1,70,14,500
40,Loxocephallus,ALL,1,70,14,0
40,Blepharisma,ALL,1,70,14,900
41,P.caudatum,ALL,2,70,14,1800
41,Loxocephallus,ALL,2,70,14,9500
41,Blepharisma,ALL,2,70,14,1800
42,P.caudatum,ALL,3,70,14,200
42,Loxocephallus,ALL,3,70,14,0
42,Blepharisma,ALL,3,70,14,1000
43,P.caudatum,PLB,1,70,17,400
43,Loxocephallus,PLB,1,70,17,200
43,Blepharisma,PLB,1,70,17,1500
44,P.caudatum,PLB,2,70,17,200
44,Loxocephallus,PLB,2,70,17,0
44,Blepharisma,PLB,2,70,17,500
45,P.caudatum,PLB,3,70,17,300
45,Loxocephallus,PLB,3,70,17,0
45,Blepharisma,PLB,3,70,17,300
46,P.caudatum,PBL,1,70,17,200
46,Blepharisma,PBL,1,70,17,3400
46,Loxocephallus,PBL,1,70,17,800
47,P.caudatum,PBL,2,70,17,100
47,Blepharisma,PBL,2,70,17,1000
47,Loxocephallus,PBL,2,70,17,0
48,P.caudatum,PBL,3,70,17,100
48,Blepharisma,PBL,3,70,17,600
48,Loxocephallus,PBL,3,70,17,0
49,Loxocephallus,LBP,1,70,17,0
49,Blepharisma,LBP,1,70,17,1400
49,P.caudatum,LBP,1,70,17,1000
50,Loxocephallus,LBP,2,70,17,0
50,Blepharisma,LBP,2,70,17,900
50,P.caudatum,LBP,2,70,17,300
51,Loxocephallus,LBP,3,70,17,0
51,Blepharisma,LBP,3,70,17,800
51,P.caudatum,LBP,3,70,17,200
52,Loxocephallus,LPB,1,70,17,0
52,P.caudatum,LPB,1,70,17,200
52,Blepharisma,LPB,1,70,17,300
53,Loxocephallus,LPB,2,70,17,0
53,P.caudatum,LPB,2,70,17,200
53,Blepharisma,LPB,2,70,17,400
54,Loxocephallus,LPB,3,70,17,0
54,P.caudatum,LPB,3,70,17,100
54,Blepharisma,LPB,3,70,17,1000
55,Blepharisma,BLP,1,70,17,1800
55,Loxocephallus,BLP,1,70,17,0
55,P.caudatum,BLP,1,70,17,300
56,Blepharisma,BLP,2,70,17,2000
56,Loxocephallus,BLP,2,70,17,0
56,P.caudatum,BLP,2,70,17,200
57,Blepharisma,BLP,3,70,17,1600
57,Loxocephallus,BLP,3,70,17,0
57,P.caudatum,BLP,3,70,17,200
58,Blepharisma,BPL,1,70,17,1600
58,P.caudatum,BPL,1,70,17,900
58,Loxocephallus,BPL,1,70,17,0
59,Blepharisma,BPL,2,70,17,900
59,P.caudatum,BPL,2,70,17,800
59,Loxocephallus,BPL,2,70,17,100
60,Blepharisma,BPL,3,70,17,1100
60,P.caudatum,BPL,3,70,17,500
60,Loxocephallus,BPL,3,70,17,6100
61,P.caudatum,ALL,1,70,17,700
61,Loxocephallus,ALL,1,70,17,6300
61,Blepharisma,ALL,1,70,17,200
62,P.caudatum,ALL,2,70,17,400
62,Loxocephallus,ALL,2,70,17,0
62,Blepharisma,ALL,2,70,17,1000
63,P.caudatum,ALL,3,70,17,300
63,Loxocephallus,ALL,3,70,17,0
63,Blepharisma,ALL,3,70,17,1000
64,P.caudatum,PLB,1,70,20,700
64,Loxocephallus,PLB,1,70,20,0
64,Blepharisma,PLB,1,70,20,500
65,P.caudatum,PLB,2,70,20,1200
65,Loxocephallus,PLB,2,70,20,0
65,Blepharisma,PLB,2,70,20,400
66,P.caudatum,PLB,3,70,20,600
66,Loxocephallus,PLB,3,70,20,1800
66,Blepharisma,PLB,3,70,20,1900
67,P.caudatum,PBL,1,70,20,200
67,Blepharisma,PBL,1,70,20,1500
67,Loxocephallus,PBL,1,70,20,0
68,P.caudatum,PBL,2,70,20,800
68,Blepharisma,PBL,2,70,20,500
68,Loxocephallus,PBL,2,70,20,0
69,P.caudatum,PBL,3,70,20,800
69,Blepharisma,PBL,3,70,20,1000
69,Loxocephallus,PBL,3,70,20,1000
70,Loxocephallus,LBP,1,70,20,0
70,Blepharisma,LBP,1,70,20,900
70,P.caudatum,LBP,1,70,20,300
71,Loxocephallus,LBP,2,70,20,0
71,Blepharisma,LBP,2,70,20,1200
71,P.caudatum,LBP,2,70,20,400
72,Loxocephallus,LBP,3,70,20,0
72,Blepharisma,LBP,3,70,20,1100
72,P.caudatum,LBP,3,70,20,100
73,Loxocephallus,LPB,1,70,20,0
73,P.caudatum,LPB,1,70,20,100
73,Blepharisma,LPB,1,70,20,1400
74,Loxocephallus,LPB,2,70,20,0
74,P.caudatum,LPB,2,70,20,700
74,Blepharisma,LPB,2,70,20,1300
75,Loxocephallus,LPB,3,70,20,0
75,P.caudatum,LPB,3,70,20,500
75,Blepharisma,LPB,3,70,20,700
76,Blepharisma,BLP,1,70,20,1500
76,Loxocephallus,BLP,1,70,20,0
76,P.caudatum,BLP,1,70,20,800
77,Blepharisma,BLP,2,70,20,1200
77,Loxocephallus,BLP,2,70,20,1800
77,P.caudatum,BLP,2,70,20,300
78,Blepharisma,BLP,3,70,20,500
78,Loxocephallus,BLP,3,70,20,1600
78,P.caudatum,BLP,3,70,20,900
79,Blepharisma,BPL,1,70,20,1100
79,P.caudatum,BPL,1,70,20,50
79,Loxocephallus,BPL,1,70,20,0
80,Blepharisma,BPL,2,70,20,700
80,P.caudatum,BPL,2,70,20,100
80,Loxocephallus,BPL,2,70,20,0
81,Blepharisma,BPL,3,70,20,200
81,P.caudatum,BPL,3,70,20,300
81,Loxocephallus,BPL,3,70,20,1200
82,P.caudatum,ALL,1,70,20,100
82,Loxocephallus,ALL,1,70,20,0
82,Blepharisma,ALL,1,70,20,1100
83,P.caudatum,ALL,2,70,20,50
83,Loxocephallus,ALL,2,70,20,0
83,Blepharisma,ALL,2,70,20,1500
84,P.caudatum,ALL,3,70,20,1
84,Loxocephallus,ALL,3,70,20,0
84,Blepharisma,ALL,3,70,20,1900
85,P.caudatum,PLB,1,70,23,100
85,Loxocephallus,PLB,1,70,23,0
85,Blepharisma,PLB,1,70,23,2300
86,P.caudatum,PLB,2,70,23,200
86,Loxocephallus,PLB,2,70,23,0
86,Blepharisma,PLB,2,70,23,1900
87,P.caudatum,PLB,3,70,23,400
87,Loxocephallus,PLB,3,70,23,200
87,Blepharisma,PLB,3,70,23,1900
88,P.caudatum,PBL,1,70,23,800
88,Blepharisma,PBL,1,70,23,500
88,Loxocephallus,PBL,1,70,23,0
89,P.caudatum,PBL,2,70,23,2400
89,Blepharisma,PBL,2,70,23,1400
89,Loxocephallus,PBL,2,70,23,5200
91,Loxocephallus,LBP,1,70,23,0
91,Blepharisma,LBP,1,70,23,1000
91,P.caudatum,LBP,1,70,23,500
92,Loxocephallus,LBP,2,70,23,0
92,Blepharisma,LBP,2,70,23,1600
92,P.caudatum,LBP,2,70,23,1
93,Loxocephallus,LBP,3,70,23,0
93,Blepharisma,LBP,3,70,23,300
93,P.caudatum,LBP,3,70,23,200
94,Loxocephallus,LPB,1,70,23,2200
94,P.caudatum,LPB,1,70,23,200
94,Blepharisma,LPB,1,70,23,1700
95,Loxocephallus,LPB,2,70,23,0
95,P.caudatum,LPB,2,70,23,2
95,Blepharisma,LPB,2,70,23,2400
96,Loxocephallus,LPB,3,70,23,0
96,P.caudatum,LPB,3,70,23,300
96,Blepharisma,LPB,3,70,23,500
97,Blepharisma,BLP,1,70,23,1400
97,Loxocephallus,BLP,1,70,23,4800
97,P.caudatum,BLP,1,70,23,0
98,Blepharisma,BLP,2,70,23,3000
98,Loxocephallus,BLP,2,70,23,0
98,P.caudatum,BLP,2,70,23,0
99,Blepharisma,BLP,3,70,23,2400
99,Loxocephallus,BLP,3,70,23,4600
99,P.caudatum,BLP,3,70,23,600
101,Blepharisma,BPL,2,70,23,50
103,P.caudatum,ALL,1,70,23,0
103,Loxocephallus,ALL,1,70,23,4200
103,Blepharisma,ALL,1,70,23,2800
104,P.caudatum,ALL,2,70,23,2
104,Loxocephallus,ALL,2,70,23,300
104,Blepharisma,ALL,2,70,23,2100
105,P.caudatum,ALL,3,70,23,200
105,Loxocephallus,ALL,3,70,23,0
105,Blepharisma,ALL,3,70,23,1400
106,P.caudatum,PLB,1,70,26,4
106,Loxocephallus,PLB,1,70,26,0
106,Blepharisma,PLB,1,70,26,1500
107,P.caudatum,PLB,2,70,26,200
107,Loxocephallus,PLB,2,70,26,2800
107,Blepharisma,PLB,2,70,26,1700
108,P.caudatum,PLB,3,70,26,2
108,Loxocephallus,PLB,3,70,26,0
108,Blepharisma,PLB,3,70,26,2300
109,P.caudatum,PBL,1,70,26,200
109,Blepharisma,PBL,1,70,26,900
109,Loxocephallus,PBL,1,70,26,0
110,P.caudatum,PBL,2,70,26,1100
110,Blepharisma,PBL,2,70,26,1900
110,Loxocephallus,PBL,2,70,26,500
111,P.caudatum,PBL,3,70,26,600
111,Blepharisma,PBL,3,70,26,2500
111,Loxocephallus,PBL,3,70,26,0
112,Loxocephallus,LBP,1,70,26,0
112,Blepharisma,LBP,1,70,26,3000
112,P.caudatum,LBP,1,70,26,100
113,Loxocephallus,LBP,2,70,26,5300
113,Blepharisma,LBP,2,70,26,2900
113,P.caudatum,LBP,2,70,26,2
114,Loxocephallus,LBP,3,70,26,0
114,Blepharisma,LBP,3,70,26,2100
114,P.caudatum,LBP,3,70,26,0
115,Loxocephallus,LPB,1,70,26,400
115,P.caudatum,LPB,1,70,26,0
115,Blepharisma,LPB,1,70,26,2700
116,Loxocephallus,LPB,2,70,26,0
116,P.caudatum,LPB,2,70,26,700
116,Blepharisma,LPB,2,70,26,1200
117,Loxocephallus,LPB,3,70,26,0
117,P.caudatum,LPB,3,70,26,0
117,Blepharisma,LPB,3,70,26,3800
118,Blepharisma,BLP,1,70,26,2800
118,Loxocephallus,BLP,1,70,26,0
118,P.caudatum,BLP,1,70,26,0
119,Blepharisma,BLP,2,70,26,3100
119,Loxocephallus,BLP,2,70,26,4300
119,P.caudatum,BLP,2,70,26,6
120,Blepharisma,BLP,3,70,26,2900
120,Loxocephallus,BLP,3,70,26,1900
120,P.caudatum,BLP,3,70,26,0
121,Blepharisma,BPL,1,70,26,2500
121,P.caudatum,BPL,1,70,26,100
121,Loxocephallus,BPL,1,70,26,0
122,Blepharisma,BPL,2,70,26,1500
122,P.caudatum,BPL,2,70,26,0
122,Loxocephallus,BPL,2,70,26,600
123,Blepharisma,BPL,3,70,26,3800
123,P.caudatum,BPL,3,70,26,300
123,Loxocephallus,BPL,3,70,26,0
124,P.caudatum,ALL,1,70,26,0
124,Loxocephallus,ALL,1,70,26,0
124,Blepharisma,ALL,1,70,26,2700
125,P.caudatum,ALL,2,70,26,0
125,Loxocephallus,ALL,2,70,26,0
125,Blepharisma,ALL,2,70,26,3800
126,P.caudatum,ALL,3,70,26,0
126,Loxocephallus,ALL,3,70,26,0
126,Blepharisma,ALL,3,70,26,2500