Temperature,Species,Replicate,Date,Observer,Density
30,blepharisma,1,15/11/2021,Ellie,0.002
30,blepharisma,2,15/11/2021,Ellie,0.002
30,blepharisma,3,15/11/2021,Ellie,0.002
30,blepharisma,4,15/11/2021,Ellie,0.002
30,colpidium,1,15/11/2021,Francesco,0.002
30,colpidium,2,15/11/2021,Francesco,0.002
30,colpidium,3,15/11/2021,Francesco,0.002
30,colpidium,4,15/11/2021,Francesco,0.002
30,lepadella,1,15/11/2021,Francesco,0.002
30,lepadella,2,15/11/2021,Francesco,0.002
30,lepadella,3,15/11/2021,Francesco,0.002
30,lepadella,4,15/11/2021,Francesco,0.002
30,p_aurelia,1,15/11/2021,Ellie,0.002
30,p_aurelia,2,15/11/2021,Ellie,0.002
30,p_aurelia,3,15/11/2021,Ellie,0.002
30,p_aurelia,4,15/11/2021,Ellie,0.002
30,p_caudatum,1,15/11/2021,Francesco,0.002
30,p_caudatum,2,15/11/2021,Francesco,0.002
30,p_caudatum,3,15/11/2021,Francesco,0.002
30,p_caudatum,4,15/11/2021,Francesco,0.002
30,philodina,1,15/11/2021,Ellie,0.002
30,philodina,2,15/11/2021,Ellie,0.002
30,philodina,4,15/11/2021,Ellie,0.002
25,blepharisma,1,15/11/2021,Ellie,0.002
25,blepharisma,2,15/11/2021,Ellie,0.002
25,blepharisma,3,15/11/2021,Ellie,0.002
25,blepharisma,4,15/11/2021,Ellie,0.002
25,colpidium,1,15/11/2021,Ellie,0.002
25,colpidium,2,15/11/2021,Ellie,0.002
25,colpidium,3,15/11/2021,Ellie,0.002
25,colpidium,4,15/11/2021,Ellie,0.002
25,lepadella,1,15/11/2021,Francesco,0.002
25,lepadella,2,15/11/2021,Francesco,0.002
25,lepadella,3,15/11/2021,Francesco,0.002
25,lepadella,4,15/11/2021,Francesco,0.002
25,p_aurelia,1,15/11/2021,Ellie,0.002
25,p_aurelia,2,15/11/2021,Ellie,0.002
25,p_aurelia,3,15/11/2021,Ellie,0.002
25,p_aurelia,4,15/11/2021,Ellie,0.002
25,p_caudatum,1,15/11/2021,Ellie,0.002
25,p_caudatum,2,15/11/2021,Ellie,0.002
25,p_caudatum,3,15/11/2021,Ellie,0.002
25,p_caudatum,4,15/11/2021,Ellie,0.002
25,philodina,1,15/11/2021,Ellie,0.002
25,philodina,2,15/11/2021,Ellie,0.002
25,philodina,3,15/11/2021,Ellie,0.002
25,philodina,4,15/11/2021,Ellie,0.002
25,spirostomum,1,15/11/2021,Francesco,0.002
25,spirostomum,2,15/11/2021,Francesco,0.002
25,spirostomum,3,15/11/2021,Francesco,0.002
25,spirostomum,4,15/11/2021,Francesco,0.002
20,blepharisma,1,15/11/2021,Ellie,0.002
20,blepharisma,2,15/11/2021,Ellie,0.002
20,blepharisma,3,15/11/2021,Ellie,0.002
20,blepharisma,4,15/11/2021,Ellie,0.002
20,colpidium,1,15/11/2021,Francesco,0.002
20,colpidium,2,15/11/2021,Francesco,0.002
20,colpidium,3,15/11/2021,Francesco,0.002
20,colpidium,4,15/11/2021,Francesco,0.002
20,lepadella,1,15/11/2021,Francesco,0.002
20,lepadella,2,15/11/2021,Francesco,0.002
20,lepadella,3,15/11/2021,Francesco,0.002
20,lepadella,4,15/11/2021,Francesco,0.002
20,p_aurelia,1,15/11/2021,Francesco,0.002
20,p_aurelia,2,15/11/2021,Francesco,0.002
20,p_aurelia,3,15/11/2021,Francesco,0.002
20,p_aurelia,4,15/11/2021,Francesco,0.002
20,p_caudatum,1,15/11/2021,Francesco,0.002
20,p_caudatum,2,15/11/2021,Francesco,0.002
20,p_caudatum,3,15/11/2021,Francesco,0.002
20,p_caudatum,4,15/11/2021,Francesco,0.002
20,philodina,1,15/11/2021,Francesco,0.002
20,philodina,2,15/11/2021,Francesco,0.002
20,philodina,3,15/11/2021,Francesco,0.002
20,philodina,4,15/11/2021,Francesco,0.002
30,blepharisma,1,16/11/2021,Ellie,0.001
30,blepharisma,2,16/11/2021,Ellie,0.0002
30,blepharisma,3,16/11/2021,Ellie,0.006
30,blepharisma,4,16/11/2021,Ellie,0.005
30,colpidium,1,16/11/2021,Francesco,0.001
30,colpidium,2,16/11/2021,Francesco,0.0005
30,colpidium,3,16/11/2021,Francesco,0.001
30,colpidium,4,16/11/2021,Francesco,0.003
30,lepadella,1,16/11/2021,Francesco,0.002
30,lepadella,2,16/11/2021,Francesco,0.011
30,lepadella,3,16/11/2021,Francesco,0.004
30,lepadella,4,16/11/2021,Francesco,0.005
30,p_aurelia,1,16/11/2021,Ellie,0.005
30,p_aurelia,2,16/11/2021,Ellie,0.008
30,p_aurelia,3,16/11/2021,Ellie,0.002
30,p_aurelia,4,16/11/2021,Ellie,0.018
30,p_caudatum,1,16/11/2021,Francesco,0.027
30,p_caudatum,2,16/11/2021,Francesco,0.013
30,p_caudatum,3,16/11/2021,Francesco,0.014
30,p_caudatum,4,16/11/2021,Francesco,0.044
30,philodina,1,16/11/2021,Ellie,0.002
30,philodina,2,16/11/2021,Ellie,0.001
30,philodina,4,16/11/2021,Ellie,0.005
25,blepharisma,1,16/11/2021,Ellie,0.005
25,blepharisma,2,16/11/2021,Ellie,0.004
25,blepharisma,3,16/11/2021,Ellie,0.004
25,blepharisma,4,16/11/2021,Ellie,0.002
25,colpidium,1,16/11/2021,Ellie,0.017
25,colpidium,2,16/11/2021,Ellie,0.037
25,colpidium,3,16/11/2021,Ellie,0.014
25,colpidium,4,16/11/2021,Ellie,0.008
25,lepadella,1,16/11/2021,Francesco,0.0005
25,lepadella,2,16/11/2021,Francesco,0.000333333
25,lepadella,3,16/11/2021,Francesco,0.001
25,lepadella,4,16/11/2021,Francesco,0.000666667
25,p_aurelia,1,16/11/2021,Ellie,0.01
25,p_aurelia,2,16/11/2021,Ellie,0.006
25,p_aurelia,3,16/11/2021,Ellie,0.005
25,p_aurelia,4,16/11/2021,Ellie,0.009
25,p_caudatum,1,16/11/2021,Ellie,0.004
25,p_caudatum,2,16/11/2021,Ellie,0.003
25,p_caudatum,3,16/11/2021,Ellie,0.004
25,p_caudatum,4,16/11/2021,Ellie,0.001
25,philodina,1,16/11/2021,Ellie,0.002
25,philodina,2,16/11/2021,Ellie,0.0015
25,philodina,3,16/11/2021,Ellie,0.002
25,philodina,4,16/11/2021,Ellie,0.001
25,spirostomum,1,16/11/2021,Francesco,0.001
25,spirostomum,2,16/11/2021,Francesco,0.001
25,spirostomum,3,16/11/2021,Francesco,0.003
25,spirostomum,4,16/11/2021,Francesco,0.004
20,blepharisma,1,16/11/2021,Ellie,0.002333333
20,blepharisma,2,16/11/2021,Ellie,0.0005
20,blepharisma,3,16/11/2021,Ellie,0.002
20,blepharisma,4,16/11/2021,Ellie,0.0005
20,colpidium,1,16/11/2021,Francesco,0.001
20,colpidium,2,16/11/2021,Francesco,0.003
20,colpidium,3,16/11/2021,Francesco,0.001
20,colpidium,4,16/11/2021,Francesco,0.001
20,lepadella,1,16/11/2021,Francesco,0.001
20,lepadella,2,16/11/2021,Francesco,0.001
20,lepadella,3,16/11/2021,Francesco,0.002
20,lepadella,4,16/11/2021,Francesco,0.001
20,p_aurelia,1,16/11/2021,Francesco,0.003
20,p_aurelia,2,16/11/2021,Francesco,0.002
20,p_aurelia,3,16/11/2021,Francesco,0.006
20,p_aurelia,4,16/11/2021,Francesco,0.002
20,p_caudatum,1,16/11/2021,Francesco,0.004
20,p_caudatum,2,16/11/2021,Francesco,0.002
20,p_caudatum,3,16/11/2021,Francesco,0.004
20,p_caudatum,4,16/11/2021,Francesco,0.002
20,philodina,1,16/11/2021,Francesco,0.001
20,philodina,2,16/11/2021,Francesco,0.000333333
20,philodina,3,16/11/2021,Francesco,0.000285714
20,philodina,4,16/11/2021,Francesco,0.004
30,blepharisma,1,17/11/2021,Ellie,0.01
30,blepharisma,2,17/11/2021,Ellie,0.01
30,blepharisma,3,17/11/2021,Ellie,0.005
30,blepharisma,4,17/11/2021,Ellie,0.025
30,colpidium,1,17/11/2021,Ellie,0.00048
30,colpidium,2,17/11/2021,Ellie,0
30,colpidium,3,17/11/2021,Ellie,0
30,colpidium,4,17/11/2021,Ellie,0.00004
30,lepadella,1,17/11/2021,Francesco,0.012
30,lepadella,2,17/11/2021,Francesco,0.018
30,lepadella,3,17/11/2021,Francesco,0.019
30,lepadella,4,17/11/2021,Francesco,0.017
30,p_aurelia,1,17/11/2021,Francesco,0.046
30,p_aurelia,2,17/11/2021,Francesco,0.073333333
30,p_aurelia,3,17/11/2021,Francesco,0.026666667
30,p_aurelia,4,17/11/2021,Francesco,0.056666667
30,p_caudatum,1,17/11/2021,Francesco,0.095
30,p_caudatum,2,17/11/2021,Francesco,0.1
30,p_caudatum,3,17/11/2021,Francesco,0.09
30,p_caudatum,4,17/11/2021,Francesco,0.095
30,philodina,1,17/11/2021,Ellie,0.001
30,philodina,2,17/11/2021,Ellie,0.002
30,philodina,4,17/11/2021,Ellie,0.004
25,blepharisma,1,17/11/2021,Ellie,0.008
25,blepharisma,2,17/11/2021,Ellie,0.014
25,blepharisma,3,17/11/2021,Ellie,0.005
25,blepharisma,4,17/11/2021,Ellie,0.008
25,colpidium,1,17/11/2021,Ellie,0.5
25,colpidium,2,17/11/2021,Ellie,0.5
25,colpidium,3,17/11/2021,Ellie,0.18
25,colpidium,4,17/11/2021,Ellie,0.02
25,lepadella,1,17/11/2021,Francesco,0.005
25,lepadella,2,17/11/2021,Francesco,0.003
25,lepadella,3,17/11/2021,Francesco,0.002
25,lepadella,4,17/11/2021,Francesco,0.001
25,p_aurelia,1,17/11/2021,Francesco,0.03
25,p_aurelia,2,17/11/2021,Francesco,0.032
25,p_aurelia,3,17/11/2021,Francesco,0.004
25,p_aurelia,4,17/11/2021,Francesco,0.042
25,p_caudatum,1,17/11/2021,Ellie,0.012
25,p_caudatum,2,17/11/2021,Ellie,0.015
25,p_caudatum,3,17/11/2021,Ellie,0.024
25,p_caudatum,4,17/11/2021,Ellie,0.01
25,philodina,1,17/11/2021,Francesco,0.004
25,philodina,2,17/11/2021,Francesco,0.001
25,philodina,3,17/11/2021,Francesco,0.002
25,philodina,4,17/11/2021,Francesco,0.0005
25,spirostomum,1,17/11/2021,Ellie,0.005
25,spirostomum,2,17/11/2021,Ellie,0.001
25,spirostomum,3,17/11/2021,Ellie,0.001
25,spirostomum,4,17/11/2021,Ellie,0.005
20,blepharisma,1,17/11/2021,Ellie,0.003
20,blepharisma,2,17/11/2021,Ellie,0.001
20,blepharisma,3,17/11/2021,Ellie,0.002
20,blepharisma,4,17/11/2021,Ellie,0.001
20,colpidium,1,17/11/2021,Ellie,0.002
20,colpidium,2,17/11/2021,Ellie,0.031
20,colpidium,3,17/11/2021,Ellie,0.016
20,colpidium,4,17/11/2021,Ellie,0.01
20,lepadella,1,17/11/2021,Francesco,0.001
20,lepadella,2,17/11/2021,Francesco,0.0005
20,lepadella,3,17/11/2021,Francesco,0.001
20,lepadella,4,17/11/2021,Francesco,0.001
20,p_aurelia,1,17/11/2021,Francesco,0.02
20,p_aurelia,2,17/11/2021,Francesco,0.008
20,p_aurelia,3,17/11/2021,Francesco,0.016
20,p_aurelia,4,17/11/2021,Francesco,0.004
20,p_caudatum,1,17/11/2021,Ellie,0.008
20,p_caudatum,2,17/11/2021,Ellie,0.005
20,p_caudatum,3,17/11/2021,Ellie,0.016
20,p_caudatum,4,17/11/2021,Ellie,0.007
20,philodina,1,17/11/2021,Ellie,0.0005
20,philodina,2,17/11/2021,Ellie,0.0005
20,philodina,3,17/11/2021,Ellie,0.0002
20,philodina,4,17/11/2021,Ellie,0.002
30,blepharisma,1,18/11/2021,Francesco,0.018
30,blepharisma,2,18/11/2021,Francesco,0.042
30,blepharisma,3,18/11/2021,Francesco,0.024
30,blepharisma,4,18/11/2021,Francesco,0.052
30,colpidium,1,18/11/2021,Ellie,0.00004
30,colpidium,2,18/11/2021,Francesco,0
30,colpidium,3,18/11/2021,Ellie,0
30,colpidium,4,18/11/2021,Francesco,0
30,lepadella,1,18/11/2021,Francesco,0.037
30,lepadella,2,18/11/2021,Francesco,0.024
30,lepadella,3,18/11/2021,Francesco,0.032
30,lepadella,4,18/11/2021,Francesco,0.018
30,p_aurelia,1,18/11/2021,Ellie,0.06
30,p_aurelia,2,18/11/2021,Ellie,0.07
30,p_aurelia,3,18/11/2021,Ellie,0.11
30,p_aurelia,4,18/11/2021,Ellie,0.27
30,p_caudatum,1,18/11/2021,Ellie,0.02
30,p_caudatum,2,18/11/2021,Ellie,0.05
30,p_caudatum,3,18/11/2021,Ellie,0.08
30,p_caudatum,4,18/11/2021,Ellie,0.26
30,philodina,1,18/11/2021,Ellie,0.005
30,philodina,2,18/11/2021,Ellie,0.012
30,philodina,4,18/11/2021,Ellie,0.012
25,blepharisma,1,18/11/2021,Ellie,0.044
25,blepharisma,2,18/11/2021,Ellie,0.03
25,blepharisma,3,18/11/2021,Ellie,0.016
25,blepharisma,4,18/11/2021,Ellie,0.022
25,colpidium,1,18/11/2021,Ellie,0.5
25,colpidium,2,18/11/2021,Ellie,1.4
25,colpidium,3,18/11/2021,Ellie,0.6
25,colpidium,4,18/11/2021,Ellie,0.3
25,lepadella,1,18/11/2021,Francesco,0.006
25,lepadella,2,18/11/2021,Francesco,0.008
25,lepadella,3,18/11/2021,Francesco,0.005
25,lepadella,4,18/11/2021,Francesco,0.001
25,p_aurelia,1,18/11/2021,Francesco,0.083333333
25,p_aurelia,2,18/11/2021,Francesco,0.11
25,p_aurelia,3,18/11/2021,Francesco,0.075
25,p_aurelia,4,18/11/2021,Francesco,0.075
25,p_caudatum,1,18/11/2021,Francesco,0.046
25,p_caudatum,2,18/11/2021,Francesco,0.053333333
25,p_caudatum,3,18/11/2021,Francesco,0.05
25,p_caudatum,4,18/11/2021,Francesco,0.053333333
25,philodina,1,18/11/2021,Ellie,0.002
25,philodina,2,18/11/2021,Ellie,0.001
25,philodina,3,18/11/2021,Ellie,0.003
25,spirostomum,1,18/11/2021,Ellie,0.003
25,spirostomum,2,18/11/2021,Ellie,0.004
25,spirostomum,3,18/11/2021,Ellie,0.002
25,spirostomum,4,18/11/2021,Ellie,0.003
20,blepharisma,1,18/11/2021,Ellie,0.006
20,blepharisma,2,18/11/2021,Ellie,0.003
20,blepharisma,3,18/11/2021,Ellie,0.003
20,blepharisma,4,18/11/2021,Ellie,0.001
20,colpidium,1,18/11/2021,Francesco,0.12
20,colpidium,2,18/11/2021,Francesco,0.15
20,colpidium,3,18/11/2021,Francesco,0.075
20,colpidium,4,18/11/2021,Francesco,0.095
20,lepadella,1,18/11/2021,Francesco,0.003
20,lepadella,2,18/11/2021,Francesco,0.001
20,lepadella,3,18/11/2021,Francesco,0.002
20,lepadella,4,18/11/2021,Francesco,0.001
20,p_aurelia,1,18/11/2021,Ellie,0.03
20,p_aurelia,2,18/11/2021,Ellie,0.002
20,p_aurelia,3,18/11/2021,Ellie,0.003
20,p_aurelia,4,18/11/2021,Ellie,0.02
20,p_caudatum,1,18/11/2021,Ellie,0.02
20,p_caudatum,2,18/11/2021,Ellie,0.018
20,p_caudatum,3,18/11/2021,Ellie,0.021
20,p_caudatum,4,18/11/2021,Ellie,0.017
20,philodina,1,18/11/2021,Ellie,0.0005
20,philodina,2,18/11/2021,Ellie,0.0005
20,philodina,3,18/11/2021,Ellie,0.0005
20,philodina,4,18/11/2021,Ellie,0.001
30,blepharisma,1,19/11/2021,Ellie,0.106
30,blepharisma,2,19/11/2021,Ellie,0.102
30,blepharisma,3,19/11/2021,Ellie,0.09
30,blepharisma,4,19/11/2021,Ellie,0.15
30,colpidium,1,19/11/2021,Ellie,0
30,lepadella,1,19/11/2021,Francesco,0.028
30,lepadella,2,19/11/2021,Francesco,0.032
30,lepadella,3,19/11/2021,Francesco,0.038
30,lepadella,4,19/11/2021,Francesco,0.048
30,p_aurelia,1,19/11/2021,Francesco,0.16
30,p_aurelia,2,19/11/2021,Francesco,0.29
30,p_aurelia,3,19/11/2021,Francesco,0.1
30,p_aurelia,4,19/11/2021,Francesco,0.24
30,p_caudatum,1,19/11/2021,Ellie,0.09
30,p_caudatum,2,19/11/2021,Ellie,0.15
30,p_caudatum,3,19/11/2021,Ellie,0.03
30,p_caudatum,4,19/11/2021,Ellie,0.1
30,philodina,1,19/11/2021,Ellie,0.016
30,philodina,2,19/11/2021,Ellie,0.01
30,philodina,4,19/11/2021,Ellie,0.008
25,blepharisma,1,19/11/2021,Ellie,0.07
25,blepharisma,2,19/11/2021,Ellie,0.05
25,blepharisma,3,19/11/2021,Ellie,0.04
25,blepharisma,4,19/11/2021,Ellie,0.06
25,colpidium,1,19/11/2021,Ellie,0.7
25,colpidium,2,19/11/2021,Ellie,0.8
25,colpidium,3,19/11/2021,Ellie,0.4
25,colpidium,4,19/11/2021,Ellie,0.6
25,lepadella,1,19/11/2021,Francesco,0.008
25,lepadella,2,19/11/2021,Francesco,0.004
25,lepadella,3,19/11/2021,Francesco,0.006
25,lepadella,4,19/11/2021,Francesco,0.005
25,p_aurelia,1,19/11/2021,Ellie,0.14
25,p_aurelia,2,19/11/2021,Ellie,0.14
25,p_aurelia,3,19/11/2021,Ellie,0.02
25,p_aurelia,4,19/11/2021,Ellie,0.2
25,p_caudatum,1,19/11/2021,Ellie,0.07
25,p_caudatum,2,19/11/2021,Ellie,0.11
25,p_caudatum,3,19/11/2021,Ellie,0.1
25,p_caudatum,4,19/11/2021,Ellie,0.08
25,philodina,1,19/11/2021,Ellie,0.011
25,philodina,2,19/11/2021,Ellie,0.007
25,philodina,3,19/11/2021,Ellie,0.008
25,spirostomum,1,19/11/2021,Francesco,0.0005
25,spirostomum,2,19/11/2021,Francesco,0.000333333
25,spirostomum,3,19/11/2021,Francesco,0.0015
25,spirostomum,4,19/11/2021,Francesco,0.002
20,blepharisma,1,19/11/2021,Francesco,0.014
20,blepharisma,2,19/11/2021,Francesco,0.007
20,blepharisma,3,19/11/2021,Francesco,0.008
20,blepharisma,4,19/11/2021,Francesco,0.007
20,colpidium,1,19/11/2021,Francesco,0.85
20,colpidium,2,19/11/2021,Francesco,0.8
20,colpidium,3,19/11/2021,Francesco,0.8
20,colpidium,4,19/11/2021,Francesco,0.8
20,lepadella,1,19/11/2021,Francesco,0.003
20,lepadella,2,19/11/2021,Francesco,0.004
20,lepadella,3,19/11/2021,Francesco,0.004
20,lepadella,4,19/11/2021,Francesco,0.0005
20,p_aurelia,1,19/11/2021,Ellie,0.09
20,p_aurelia,2,19/11/2021,Ellie,0.04
20,p_aurelia,3,19/11/2021,Ellie,0.08
20,p_aurelia,4,19/11/2021,Ellie,0.03
20,p_caudatum,1,19/11/2021,Ellie,0.09
20,p_caudatum,2,19/11/2021,Ellie,0.035
20,p_caudatum,3,19/11/2021,Ellie,0.07
20,p_caudatum,4,19/11/2021,Ellie,0.075
20,philodina,1,19/11/2021,Ellie,0.001
20,philodina,2,19/11/2021,Ellie,0.0005
20,philodina,3,19/11/2021,Ellie,0.003
20,philodina,4,19/11/2021,Ellie,0.001
30,blepharisma,1,22/11/2021,Ellie,0.24
30,blepharisma,2,22/11/2021,Ellie,0.19
30,blepharisma,3,22/11/2021,Ellie,0.11
30,blepharisma,4,22/11/2021,Ellie,0.12
30,lepadella,1,22/11/2021,Ellie,0.024
30,lepadella,2,22/11/2021,Ellie,0.044
30,lepadella,3,22/11/2021,Ellie,0.058
30,lepadella,4,22/11/2021,Ellie,0.05
30,p_aurelia,1,22/11/2021,Francesco,0.16
30,p_aurelia,2,22/11/2021,Francesco,0.18
30,p_aurelia,3,22/11/2021,Francesco,0.16
30,p_aurelia,4,22/11/2021,Francesco,0.3
30,p_caudatum,1,22/11/2021,Francesco,0.08
30,p_caudatum,2,22/11/2021,Francesco,0.14
30,p_caudatum,3,22/11/2021,Francesco,0.22
30,p_caudatum,4,22/11/2021,Francesco,0.2
30,philodina,1,22/11/2021,Ellie,0.012
30,philodina,2,22/11/2021,Ellie,0.022
30,philodina,4,22/11/2021,Ellie,0.019
30,spirostomum,1,22/11/2021,Ellie,0.002
30,spirostomum,2,22/11/2021,Ellie,0.002
30,spirostomum,3,22/11/2021,Ellie,0.002
30,spirostomum,4,22/11/2021,Ellie,0.002
25,blepharisma,1,22/11/2021,Ellie,0.08
25,blepharisma,2,22/11/2021,Ellie,0.09
25,blepharisma,3,22/11/2021,Ellie,0.1
25,blepharisma,4,22/11/2021,Ellie,0.09
25,colpidium,1,22/11/2021,Ellie,0.8
25,colpidium,2,22/11/2021,Ellie,0.9
25,colpidium,3,22/11/2021,Ellie,1
25,colpidium,4,22/11/2021,Ellie,0.4
25,lepadella,1,22/11/2021,Francesco,0.054
25,lepadella,2,22/11/2021,Francesco,0.07
25,lepadella,3,22/11/2021,Francesco,0.063333333
25,lepadella,4,22/11/2021,Francesco,0.015
25,p_aurelia,1,22/11/2021,Ellie,0.15
25,p_aurelia,2,22/11/2021,Ellie,0.12
25,p_aurelia,3,22/11/2021,Ellie,0.23
25,p_aurelia,4,22/11/2021,Ellie,0.11
25,p_caudatum,1,22/11/2021,Ellie,0.11
25,p_caudatum,2,22/11/2021,Ellie,0.19
25,p_caudatum,3,22/11/2021,Ellie,0.05
25,p_caudatum,4,22/11/2021,Ellie,0.11
25,philodina,1,22/11/2021,Ellie,0.025
25,philodina,2,22/11/2021,Ellie,0.025
25,philodina,3,22/11/2021,Ellie,0.025
25,spirostomum,1,22/11/2021,Francesco,0
25,spirostomum,2,22/11/2021,Francesco,0
25,spirostomum,3,22/11/2021,Francesco,0.00016
25,spirostomum,4,22/11/2021,Francesco,0
20,blepharisma,1,22/11/2021,Francesco,0.07
20,blepharisma,2,22/11/2021,Francesco,0.04
20,blepharisma,3,22/11/2021,Francesco,0.08
20,blepharisma,4,22/11/2021,Francesco,0.1
20,colpidium,1,22/11/2021,Francesco,0.7
20,colpidium,2,22/11/2021,Francesco,1
20,colpidium,3,22/11/2021,Francesco,1.15
20,colpidium,4,22/11/2021,Francesco,0.5
20,lepadella,1,22/11/2021,Francesco,0.02
20,lepadella,2,22/11/2021,Francesco,0.012
20,lepadella,3,22/11/2021,Francesco,0.016
20,lepadella,4,22/11/2021,Francesco,0.016
20,p_aurelia,1,22/11/2021,Ellie,0.15
20,p_aurelia,2,22/11/2021,Ellie,0.1
20,p_aurelia,3,22/11/2021,Ellie,0.22
20,p_aurelia,4,22/11/2021,Ellie,0.12
20,p_caudatum,1,22/11/2021,Ellie,0.06
20,p_caudatum,2,22/11/2021,Ellie,0.075
20,p_caudatum,3,22/11/2021,Ellie,0.095
20,p_caudatum,4,22/11/2021,Ellie,0.11
20,philodina,1,22/11/2021,Ellie,0.001
20,philodina,2,22/11/2021,Ellie,0.002
20,philodina,3,22/11/2021,Ellie,0.002
20,philodina,4,22/11/2021,Ellie,0.004
15,blepharisma,1,22/11/2021,Francesco,0.002
15,blepharisma,2,22/11/2021,Francesco,0.002
15,blepharisma,3,22/11/2021,Francesco,0.002
15,blepharisma,4,22/11/2021,Francesco,0.002
15,colpidium,1,22/11/2021,Ellie,0.002
15,colpidium,2,22/11/2021,Ellie,0.002
15,colpidium,3,22/11/2021,Ellie,0.002
15,colpidium,4,22/11/2021,Ellie,0.002
15,lepadella,1,22/11/2021,Ellie,0.002
15,lepadella,2,22/11/2021,Ellie,0.002
15,lepadella,3,22/11/2021,Ellie,0.002
15,lepadella,4,22/11/2021,Ellie,0.002
15,p_aurelia,1,22/11/2021,Francesco,0.002
15,p_aurelia,2,22/11/2021,Francesco,0.002
15,p_aurelia,3,22/11/2021,Francesco,0.002
15,p_aurelia,4,22/11/2021,Francesco,0.002
15,p_caudatum,1,22/11/2021,Ellie,0.002
15,p_caudatum,2,22/11/2021,Ellie,0.002
15,p_caudatum,3,22/11/2021,Ellie,0.002
15,p_caudatum,4,22/11/2021,Ellie,0.002
15,philodina,1,22/11/2021,Francesco,0.002
15,philodina,2,22/11/2021,Francesco,0.002
15,philodina,3,22/11/2021,Francesco,0.002
15,philodina,4,22/11/2021,Francesco,0.002
15,spirostomum,1,22/11/2021,Ellie,0.002
15,spirostomum,2,22/11/2021,Ellie,0.002
15,spirostomum,3,22/11/2021,Ellie,0.002
15,spirostomum,4,22/11/2021,Ellie,0.002
30,blepharisma,1,23/11/2021,Ellie,0.22
30,blepharisma,2,23/11/2021,Ellie,0.18
30,blepharisma,3,23/11/2021,Ellie,0.12
30,blepharisma,4,23/11/2021,Ellie,0.14
30,lepadella,1,23/11/2021,Ellie,0.018
30,lepadella,2,23/11/2021,Ellie,0.02
30,lepadella,3,23/11/2021,Ellie,0.022
30,lepadella,4,23/11/2021,Ellie,0.02
30,p_aurelia,1,23/11/2021,Francesco,0.19
30,p_aurelia,2,23/11/2021,Francesco,0.1
30,p_aurelia,3,23/11/2021,Francesco,0.1
30,p_aurelia,4,23/11/2021,Francesco,0.28
30,p_caudatum,1,23/11/2021,Francesco,0.15
30,p_caudatum,2,23/11/2021,Francesco,0.11
30,p_caudatum,3,23/11/2021,Francesco,0.09
30,p_caudatum,4,23/11/2021,Francesco,0.16
30,philodina,1,23/11/2021,Ellie,0.022
30,philodina,2,23/11/2021,Ellie,0.037
30,philodina,4,23/11/2021,Ellie,0.026
30,spirostomum,1,23/11/2021,Ellie,0.003
30,spirostomum,2,23/11/2021,Ellie,0.003
30,spirostomum,3,23/11/2021,Ellie,0.003
30,spirostomum,4,23/11/2021,Ellie,0.002
25,blepharisma,1,23/11/2021,Ellie,0.16
25,blepharisma,2,23/11/2021,Ellie,0.13
25,blepharisma,3,23/11/2021,Ellie,0.21
25,blepharisma,4,23/11/2021,Ellie,0.11
25,colpidium,1,23/11/2021,Ellie,0.7
25,colpidium,2,23/11/2021,Ellie,0.7
25,colpidium,3,23/11/2021,Ellie,0.4
25,colpidium,4,23/11/2021,Ellie,0.4
25,lepadella,1,23/11/2021,Francesco,0.07
25,lepadella,2,23/11/2021,Francesco,0.025
25,lepadella,3,23/11/2021,Francesco,0.08
25,lepadella,4,23/11/2021,Francesco,0.015
25,p_aurelia,1,23/11/2021,Ellie,0.13
25,p_aurelia,2,23/11/2021,Ellie,0.14
25,p_aurelia,3,23/11/2021,Ellie,0.18
25,p_aurelia,4,23/11/2021,Ellie,0.14
25,p_caudatum,1,23/11/2021,Ellie,0.13
25,p_caudatum,2,23/11/2021,Ellie,0.16
25,p_caudatum,3,23/11/2021,Ellie,0.13
25,p_caudatum,4,23/11/2021,Ellie,0.08
25,philodina,1,23/11/2021,Ellie,0.03
25,philodina,2,23/11/2021,Ellie,0.036
25,philodina,3,23/11/2021,Ellie,0.018
25,spirostomum,1,23/11/2021,Francesco,0
25,spirostomum,2,23/11/2021,Francesco,0
25,spirostomum,3,23/11/2021,Francesco,0
25,spirostomum,4,23/11/2021,Francesco,0.00004
20,blepharisma,1,23/11/2021,Ellie,0.19
20,blepharisma,2,23/11/2021,Ellie,0.13
20,blepharisma,3,23/11/2021,Ellie,0.21
20,blepharisma,4,23/11/2021,Ellie,0.09
20,colpidium,1,23/11/2021,Ellie,0.4
20,colpidium,2,23/11/2021,Ellie,0.8
20,colpidium,3,23/11/2021,Ellie,1.7
20,colpidium,4,23/11/2021,Ellie,1.1
20,lepadella,1,23/11/2021,Ellie,0.042
20,lepadella,2,23/11/2021,Ellie,0.048
20,lepadella,3,23/11/2021,Ellie,0.068
20,lepadella,4,23/11/2021,Ellie,0.042
20,p_aurelia,1,23/11/2021,Francesco,0.03
20,p_aurelia,2,23/11/2021,Francesco,0.09
20,p_aurelia,3,23/11/2021,Francesco,0.19
20,p_aurelia,4,23/11/2021,Francesco,0.12
20,p_caudatum,1,23/11/2021,Ellie,0.07
20,p_caudatum,2,23/11/2021,Ellie,0.11
20,p_caudatum,3,23/11/2021,Ellie,0.12
20,p_caudatum,4,23/11/2021,Ellie,0.13
20,philodina,1,23/11/2021,Francesco,0.002
20,philodina,2,23/11/2021,Francesco,0.001
20,philodina,3,23/11/2021,Francesco,0.003
20,philodina,4,23/11/2021,Francesco,0.009
15,blepharisma,1,23/11/2021,Francesco,0.003
15,blepharisma,2,23/11/2021,Francesco,0.003
15,blepharisma,3,23/11/2021,Francesco,0.002
15,blepharisma,4,23/11/2021,Francesco,0.002
15,colpidium,1,23/11/2021,Ellie,0.002
15,colpidium,2,23/11/2021,Ellie,0.0015
15,colpidium,3,23/11/2021,Ellie,0.002
15,colpidium,4,23/11/2021,Ellie,0.0015
15,lepadella,1,23/11/2021,Ellie,0.005
15,lepadella,2,23/11/2021,Ellie,0.0005
15,lepadella,3,23/11/2021,Ellie,0.002
15,lepadella,4,23/11/2021,Ellie,0.001
15,p_aurelia,1,23/11/2021,Francesco,0.0025
15,p_aurelia,2,23/11/2021,Francesco,0.002
15,p_aurelia,3,23/11/2021,Francesco,0.005
15,p_aurelia,4,23/11/2021,Francesco,0.001
15,p_caudatum,1,23/11/2021,Ellie,0.004
15,p_caudatum,2,23/11/2021,Ellie,0.001
15,p_caudatum,3,23/11/2021,Ellie,0.003
15,p_caudatum,4,23/11/2021,Ellie,0.002
15,philodina,1,23/11/2021,Francesco,0.004
15,philodina,2,23/11/2021,Francesco,0.005
15,philodina,3,23/11/2021,Francesco,0.001
15,philodina,4,23/11/2021,Francesco,0.001
15,spirostomum,1,23/11/2021,Ellie,0.002
15,spirostomum,2,23/11/2021,Ellie,0.001
15,spirostomum,3,23/11/2021,Ellie,0.002
15,spirostomum,4,23/11/2021,Ellie,0.003
30,blepharisma,1,24/11/2021,Ellie,0.31
30,blepharisma,2,24/11/2021,Ellie,0.17
30,blepharisma,3,24/11/2021,Ellie,0.19
30,blepharisma,4,24/11/2021,Ellie,0.15
30,lepadella,1,24/11/2021,Ellie,0.006
30,lepadella,2,24/11/2021,Ellie,0.014
30,lepadella,3,24/11/2021,Ellie,0.022
30,lepadella,4,24/11/2021,Ellie,0.032
30,p_aurelia,1,24/11/2021,Ellie,0.21
30,p_aurelia,2,24/11/2021,Ellie,0.08
30,p_aurelia,3,24/11/2021,Ellie,0.13
30,p_aurelia,4,24/11/2021,Ellie,0.24
30,p_caudatum,1,24/11/2021,Ellie,0.12
30,p_caudatum,2,24/11/2021,Ellie,0.1
30,p_caudatum,3,24/11/2021,Ellie,0.16
30,p_caudatum,4,24/11/2021,Ellie,0.17
30,philodina,1,24/11/2021,Francesco,0.014
30,philodina,2,24/11/2021,Francesco,0.032
30,philodina,4,24/11/2021,Francesco,0.008
30,spirostomum,1,24/11/2021,Francesco,0.002
30,spirostomum,2,24/11/2021,Francesco,0.001
30,spirostomum,3,24/11/2021,Francesco,0.001
30,spirostomum,4,24/11/2021,Francesco,0.003
25,blepharisma,1,24/11/2021,Ellie,0.22
25,blepharisma,2,24/11/2021,Ellie,0.14
25,blepharisma,3,24/11/2021,Ellie,0.11
25,blepharisma,4,24/11/2021,Ellie,0.13
25,colpidium,1,24/11/2021,Ellie,0.7
25,colpidium,2,24/11/2021,Ellie,0.5
25,colpidium,3,24/11/2021,Ellie,1
25,colpidium,4,24/11/2021,Ellie,0.8
25,lepadella,1,24/11/2021,Ellie,0.07
25,lepadella,2,24/11/2021,Ellie,0.09
25,lepadella,3,24/11/2021,Ellie,0.16
25,lepadella,4,24/11/2021,Ellie,0.07
25,p_aurelia,1,24/11/2021,Ellie,0.12
25,p_aurelia,2,24/11/2021,Ellie,0.17
25,p_aurelia,3,24/11/2021,Ellie,0.15
25,p_aurelia,4,24/11/2021,Ellie,0.16
25,p_caudatum,1,24/11/2021,Francesco,0.1
25,p_caudatum,2,24/11/2021,Francesco,0.1
25,p_caudatum,3,24/11/2021,Francesco,0.05
25,p_caudatum,4,24/11/2021,Francesco,0.1
25,philodina,1,24/11/2021,Francesco,0.03
25,philodina,2,24/11/2021,Francesco,0.016666667
25,philodina,3,24/11/2021,Francesco,0.013333333
20,blepharisma,1,24/11/2021,Francesco,0.12
20,blepharisma,2,24/11/2021,Francesco,0.1
20,blepharisma,3,24/11/2021,Francesco,0.2
20,blepharisma,4,24/11/2021,Francesco,0.12
20,colpidium,1,24/11/2021,Ellie,0.9
20,colpidium,2,24/11/2021,Ellie,1.2
20,colpidium,3,24/11/2021,Ellie,1.2
20,colpidium,4,24/11/2021,Ellie,0.6
20,lepadella,1,24/11/2021,Francesco,0.055
20,lepadella,2,24/11/2021,Francesco,0.055
20,lepadella,3,24/11/2021,Francesco,0.055
20,lepadella,4,24/11/2021,Francesco,0.035
20,p_aurelia,1,24/11/2021,Ellie,0.14
20,p_aurelia,2,24/11/2021,Ellie,0.16
20,p_aurelia,3,24/11/2021,Ellie,0.18
20,p_aurelia,4,24/11/2021,Ellie,0.15
20,p_caudatum,1,24/11/2021,Ellie,0.07
20,p_caudatum,2,24/11/2021,Ellie,0.09
20,p_caudatum,3,24/11/2021,Ellie,0.23
20,p_caudatum,4,24/11/2021,Ellie,0.12
20,philodina,1,24/11/2021,Francesco,0.003
20,philodina,2,24/11/2021,Francesco,0.003
20,philodina,3,24/11/2021,Francesco,0.003
20,philodina,4,24/11/2021,Francesco,0.006
15,blepharisma,1,24/11/2021,Francesco,0.001
15,blepharisma,2,24/11/2021,Francesco,0.0015
15,blepharisma,3,24/11/2021,Francesco,0.001
15,blepharisma,4,24/11/2021,Francesco,0.002
15,colpidium,1,24/11/2021,Ellie,0.006666667
15,colpidium,2,24/11/2021,Ellie,0.005
15,colpidium,3,24/11/2021,Ellie,0.005
15,colpidium,4,24/11/2021,Ellie,0.002
15,lepadella,1,24/11/2021,Ellie,0.001
15,lepadella,2,24/11/2021,Ellie,0.001
15,lepadella,3,24/11/2021,Ellie,0.002
15,lepadella,4,24/11/2021,Ellie,0.007
15,p_aurelia,1,24/11/2021,Ellie,0.004
15,p_aurelia,2,24/11/2021,Ellie,0.003
15,p_aurelia,3,24/11/2021,Ellie,0.004
15,p_aurelia,4,24/11/2021,Ellie,0.004
15,p_caudatum,1,24/11/2021,Ellie,0.006
15,p_caudatum,2,24/11/2021,Ellie,0.006
15,p_caudatum,3,24/11/2021,Ellie,0.006
15,p_caudatum,4,24/11/2021,Ellie,0.004
15,philodina,1,24/11/2021,Ellie,0.002
15,philodina,2,24/11/2021,Ellie,0.002
15,philodina,3,24/11/2021,Ellie,0.005
15,philodina,4,24/11/2021,Ellie,0.007
15,spirostomum,1,24/11/2021,Francesco,0.002
15,spirostomum,2,24/11/2021,Francesco,0.001
15,spirostomum,3,24/11/2021,Francesco,0.002
15,spirostomum,4,24/11/2021,Francesco,0.002
30,blepharisma,1,25/11/2021,Ellie,0.19
30,blepharisma,2,25/11/2021,Ellie,0.17
30,blepharisma,3,25/11/2021,Ellie,0.09
30,blepharisma,4,25/11/2021,Ellie,0.15
30,lepadella,1,25/11/2021,Francesco,0.004
30,lepadella,2,25/11/2021,Francesco,0.002
30,lepadella,3,25/11/2021,Francesco,0.004
30,lepadella,4,25/11/2021,Francesco,0.014
30,p_aurelia,1,25/11/2021,Francesco,0.15
30,p_aurelia,2,25/11/2021,Francesco,0.12
30,p_aurelia,3,25/11/2021,Francesco,0.12
30,p_aurelia,4,25/11/2021,Francesco,0.19
30,p_caudatum,1,25/11/2021,Francesco,0.12
30,p_caudatum,2,25/11/2021,Francesco,0.2
30,p_caudatum,3,25/11/2021,Francesco,0.1
30,p_caudatum,4,25/11/2021,Francesco,0.2
30,philodina,1,25/11/2021,Ellie,0.022
30,philodina,2,25/11/2021,Ellie,0.032
30,philodina,4,25/11/2021,Ellie,0.016
30,spirostomum,1,25/11/2021,Ellie,0.001
30,spirostomum,2,25/11/2021,Ellie,0.0015
30,spirostomum,3,25/11/2021,Ellie,0.001
30,spirostomum,4,25/11/2021,Ellie,0.001
25,blepharisma,1,25/11/2021,Ellie,0.14
25,blepharisma,2,25/11/2021,Ellie,0.09
25,blepharisma,3,25/11/2021,Ellie,0.09
25,blepharisma,4,25/11/2021,Ellie,0.09
25,colpidium,1,25/11/2021,Ellie,0.8
25,colpidium,2,25/11/2021,Ellie,1
25,colpidium,3,25/11/2021,Ellie,0.3
25,colpidium,4,25/11/2021,Ellie,0.3
25,lepadella,1,25/11/2021,Francesco,0.09
25,lepadella,2,25/11/2021,Francesco,0.07
25,lepadella,3,25/11/2021,Francesco,0.12
25,lepadella,4,25/11/2021,Francesco,0.04
25,p_aurelia,1,25/11/2021,Ellie,0.16
25,p_aurelia,2,25/11/2021,Ellie,0.1
25,p_aurelia,3,25/11/2021,Ellie,0.08
25,p_aurelia,4,25/11/2021,Ellie,0.18
25,p_caudatum,1,25/11/2021,Ellie,0.12
25,p_caudatum,2,25/11/2021,Ellie,0.28
25,p_caudatum,3,25/11/2021,Ellie,0.12
25,p_caudatum,4,25/11/2021,Ellie,0.13
25,philodina,1,25/11/2021,Ellie,0.042
25,philodina,2,25/11/2021,Ellie,0.026
25,philodina,3,25/11/2021,Ellie,0.026
20,blepharisma,1,25/11/2021,Francesco,0.23
20,blepharisma,2,25/11/2021,Francesco,0.12
20,blepharisma,3,25/11/2021,Francesco,0.23
20,blepharisma,4,25/11/2021,Francesco,0.14
20,colpidium,1,25/11/2021,Ellie,0.9
20,colpidium,2,25/11/2021,Ellie,0.7
20,colpidium,3,25/11/2021,Ellie,0.35
20,colpidium,4,25/11/2021,Ellie,0.8
20,lepadella,1,25/11/2021,Ellie,0.135
20,lepadella,2,25/11/2021,Ellie,0.09
20,lepadella,3,25/11/2021,Ellie,0.115
20,lepadella,4,25/11/2021,Ellie,0.09
20,p_aurelia,1,25/11/2021,Francesco,0.09
20,p_aurelia,2,25/11/2021,Francesco,0.19
20,p_aurelia,3,25/11/2021,Francesco,0.18
20,p_aurelia,4,25/11/2021,Francesco,0.08
20,p_caudatum,1,25/11/2021,Francesco,0.17
20,p_caudatum,2,25/11/2021,Francesco,0.11
20,p_caudatum,3,25/11/2021,Francesco,0.22
20,p_caudatum,4,25/11/2021,Francesco,0.15
20,philodina,1,25/11/2021,Francesco,0.006
20,philodina,2,25/11/2021,Francesco,0.001
20,philodina,3,25/11/2021,Francesco,0.001
20,philodina,4,25/11/2021,Francesco,0.007
15,blepharisma,1,25/11/2021,Francesco,0.001
15,blepharisma,2,25/11/2021,Francesco,0.004
15,blepharisma,3,25/11/2021,Francesco,0.003
15,blepharisma,4,25/11/2021,Francesco,0.004
15,colpidium,1,25/11/2021,Ellie,0.022
15,colpidium,2,25/11/2021,Ellie,0.02
15,colpidium,3,25/11/2021,Ellie,0.032
15,colpidium,4,25/11/2021,Ellie,0.014
15,lepadella,1,25/11/2021,Ellie,0.005
15,lepadella,2,25/11/2021,Ellie,0.005
15,lepadella,3,25/11/2021,Ellie,0.005
15,lepadella,4,25/11/2021,Ellie,0.004
15,p_aurelia,1,25/11/2021,Ellie,0.004
15,p_aurelia,2,25/11/2021,Ellie,0.01
15,p_aurelia,3,25/11/2021,Ellie,0.012
15,p_aurelia,4,25/11/2021,Ellie,0.004
15,p_caudatum,1,25/11/2021,Ellie,0.002
15,p_caudatum,2,25/11/2021,Ellie,0.002
15,p_caudatum,3,25/11/2021,Ellie,0.004
15,p_caudatum,4,25/11/2021,Ellie,0.004
15,philodina,1,25/11/2021,Francesco,0.001
15,philodina,2,25/11/2021,Francesco,0.001
15,philodina,3,25/11/2021,Francesco,0.001
15,philodina,4,25/11/2021,Francesco,0.004
15,spirostomum,1,25/11/2021,Ellie,0.001
15,spirostomum,2,25/11/2021,Ellie,0.002
15,spirostomum,3,25/11/2021,Ellie,0.001
15,spirostomum,4,25/11/2021,Ellie,0.002
30,blepharisma,1,26/11/2021,Francesco,0.11
30,blepharisma,2,26/11/2021,Francesco,0.19
30,blepharisma,3,26/11/2021,Francesco,0.11
30,blepharisma,4,26/11/2021,Francesco,0.17
30,lepadella,1,26/11/2021,Francesco,0.004
30,lepadella,2,26/11/2021,Francesco,0.004
30,lepadella,3,26/11/2021,Francesco,0.004
30,lepadella,4,26/11/2021,Francesco,0.006
30,p_aurelia,1,26/11/2021,Francesco,0.14
30,p_aurelia,2,26/11/2021,Francesco,0.06
30,p_aurelia,3,26/11/2021,Francesco,0.04
30,p_aurelia,4,26/11/2021,Francesco,0.14
30,p_caudatum,1,26/11/2021,Francesco,0.06
30,p_caudatum,2,26/11/2021,Francesco,0.11
30,p_caudatum,3,26/11/2021,Francesco,0.09
30,p_caudatum,4,26/11/2021,Francesco,0.2
30,philodina,1,26/11/2021,Francesco,0.014
30,philodina,2,26/11/2021,Francesco,0.024
30,philodina,4,26/11/2021,Francesco,0.012
30,spirostomum,1,26/11/2021,Francesco,0
30,spirostomum,2,26/11/2021,Francesco,0.001
30,spirostomum,3,26/11/2021,Francesco,0.00012
30,spirostomum,4,26/11/2021,Francesco,0.0002
25,blepharisma,1,26/11/2021,Francesco,0.09
25,blepharisma,2,26/11/2021,Francesco,0.08
25,blepharisma,3,26/11/2021,Francesco,0.07
25,blepharisma,4,26/11/2021,Francesco,0.1
25,colpidium,1,26/11/2021,Francesco,0.6
25,colpidium,2,26/11/2021,Francesco,0.4
25,colpidium,3,26/11/2021,Francesco,0.3
25,colpidium,4,26/11/2021,Francesco,0.3
25,lepadella,1,26/11/2021,Francesco,0.06
25,lepadella,2,26/11/2021,Francesco,0.05
25,lepadella,3,26/11/2021,Francesco,0.18
25,lepadella,4,26/11/2021,Francesco,0.04
25,p_aurelia,1,26/11/2021,Francesco,0.02
25,p_aurelia,2,26/11/2021,Francesco,0.08
25,p_aurelia,3,26/11/2021,Francesco,0.2
25,p_aurelia,4,26/11/2021,Francesco,0.18
25,p_caudatum,1,26/11/2021,Francesco,0.1
25,p_caudatum,2,26/11/2021,Francesco,0.22
25,p_caudatum,3,26/11/2021,Francesco,0.06
25,p_caudatum,4,26/11/2021,Francesco,0.08
25,philodina,1,26/11/2021,Francesco,0.03
25,philodina,2,26/11/2021,Francesco,0.024
25,philodina,3,26/11/2021,Francesco,0.016
20,blepharisma,1,26/11/2021,Francesco,0.22
20,blepharisma,2,26/11/2021,Francesco,0.24
20,blepharisma,3,26/11/2021,Francesco,0.18
20,blepharisma,4,26/11/2021,Francesco,0.2
20,colpidium,1,26/11/2021,Francesco,0.65
20,colpidium,2,26/11/2021,Francesco,0.7
20,colpidium,3,26/11/2021,Francesco,0.4
20,colpidium,4,26/11/2021,Francesco,1
20,lepadella,1,26/11/2021,Francesco,0.1
20,lepadella,2,26/11/2021,Francesco,0.1
20,lepadella,3,26/11/2021,Francesco,0.16
20,lepadella,4,26/11/2021,Francesco,0.1
20,p_aurelia,1,26/11/2021,Francesco,0.1
20,p_aurelia,2,26/11/2021,Francesco,0.1
20,p_aurelia,3,26/11/2021,Francesco,0.1
20,p_aurelia,4,26/11/2021,Francesco,0.08
20,p_caudatum,1,26/11/2021,Francesco,0.08
20,p_caudatum,2,26/11/2021,Francesco,0.08
20,p_caudatum,3,26/11/2021,Francesco,0.12
20,p_caudatum,4,26/11/2021,Francesco,0.08
20,philodina,1,26/11/2021,Francesco,0.004
20,philodina,2,26/11/2021,Francesco,0.002
20,philodina,3,26/11/2021,Francesco,0.003
20,philodina,4,26/11/2021,Francesco,0.008
15,blepharisma,1,26/11/2021,Francesco,0.005
15,blepharisma,2,26/11/2021,Francesco,0.004
15,blepharisma,3,26/11/2021,Francesco,0.002
15,blepharisma,4,26/11/2021,Francesco,0.002
15,colpidium,1,26/11/2021,Francesco,0.08
15,colpidium,2,26/11/2021,Francesco,0.11
15,colpidium,3,26/11/2021,Francesco,0.1
15,colpidium,4,26/11/2021,Francesco,0.12
15,lepadella,1,26/11/2021,Francesco,0.004
15,lepadella,2,26/11/2021,Francesco,0.005
15,lepadella,3,26/11/2021,Francesco,0.004
15,lepadella,4,26/11/2021,Francesco,0.011
15,p_aurelia,1,26/11/2021,Francesco,0.008
15,p_aurelia,2,26/11/2021,Francesco,0.004
15,p_aurelia,3,26/11/2021,Francesco,0.01
15,p_aurelia,4,26/11/2021,Francesco,0.014
15,p_caudatum,1,26/11/2021,Francesco,0.006
15,p_caudatum,2,26/11/2021,Francesco,0.014
15,p_caudatum,3,26/11/2021,Francesco,0.008
15,p_caudatum,4,26/11/2021,Francesco,0.006
15,philodina,1,26/11/2021,Francesco,0.001
15,philodina,2,26/11/2021,Francesco,0.004
15,philodina,3,26/11/2021,Francesco,0.001
15,philodina,4,26/11/2021,Francesco,0.004
15,spirostomum,1,26/11/2021,Francesco,0.001
15,spirostomum,2,26/11/2021,Francesco,0.002
15,spirostomum,3,26/11/2021,Francesco,0.001
15,spirostomum,4,26/11/2021,Francesco,0.002
30,blepharisma,1,29/11/2021,Ellie,0.31
30,blepharisma,2,29/11/2021,Ellie,0.23
30,blepharisma,3,29/11/2021,Ellie,0.19
30,blepharisma,4,29/11/2021,Ellie,0.17
30,p_caudatum,1,29/11/2021,Francesco,0.01
30,p_caudatum,2,29/11/2021,Francesco,0.015
30,p_caudatum,3,29/11/2021,Francesco,0.025
30,p_caudatum,4,29/11/2021,Francesco,0.015
30,philodina,1,29/11/2021,Ellie,0.014
30,philodina,2,29/11/2021,Ellie,0.038
30,philodina,4,29/11/2021,Ellie,0.026
30,spirostomum,1,29/11/2021,Ellie,0
30,spirostomum,2,29/11/2021,Ellie,0
30,spirostomum,3,29/11/2021,Ellie,0
30,spirostomum,4,29/11/2021,Ellie,0
25,blepharisma,1,29/11/2021,Ellie,0.24
25,blepharisma,2,29/11/2021,Ellie,0.19
25,blepharisma,3,29/11/2021,Ellie,0.08
25,blepharisma,4,29/11/2021,Ellie,0.13
25,lepadella,1,29/11/2021,Francesco,0.025
25,lepadella,2,29/11/2021,Francesco,0.005
25,lepadella,3,29/11/2021,Francesco,0.085
25,lepadella,4,29/11/2021,Francesco,0.03
25,philodina,1,29/11/2021,Ellie,0.034
25,philodina,2,29/11/2021,Ellie,0.042
25,philodina,3,29/11/2021,Ellie,0.034
20,blepharisma,1,29/11/2021,Ellie,0.21
20,blepharisma,2,29/11/2021,Ellie,0.09
20,blepharisma,3,29/11/2021,Ellie,0.29
20,blepharisma,4,29/11/2021,Ellie,0.25
20,lepadella,1,29/11/2021,Ellie,0.22
20,lepadella,2,29/11/2021,Ellie,0.2
20,lepadella,3,29/11/2021,Ellie,0.24
20,lepadella,4,29/11/2021,Ellie,0.3
20,p_aurelia,1,29/11/2021,Francesco,0.11
20,p_aurelia,2,29/11/2021,Francesco,0.15
20,p_aurelia,3,29/11/2021,Francesco,0.14
20,p_aurelia,4,29/11/2021,Francesco,0.1
20,p_caudatum,1,29/11/2021,Francesco,0.06
20,p_caudatum,2,29/11/2021,Francesco,0.14
20,p_caudatum,3,29/11/2021,Francesco,0.3
20,p_caudatum,4,29/11/2021,Francesco,0.08
20,philodina,1,29/11/2021,Ellie,0.006
20,philodina,2,29/11/2021,Ellie,0.002
20,philodina,3,29/11/2021,Ellie,0.006
20,philodina,4,29/11/2021,Ellie,0.022
15,blepharisma,1,29/11/2021,Francesco,0.007
15,blepharisma,2,29/11/2021,Francesco,0.007
15,blepharisma,3,29/11/2021,Francesco,0.002
15,blepharisma,4,29/11/2021,Francesco,0.007
15,colpidium,1,29/11/2021,Ellie,0.25
15,colpidium,2,29/11/2021,Ellie,0.3
15,colpidium,3,29/11/2021,Ellie,0.43
15,colpidium,4,29/11/2021,Ellie,0.33
15,lepadella,1,29/11/2021,Ellie,0.02
15,lepadella,2,29/11/2021,Ellie,0.006
15,lepadella,3,29/11/2021,Ellie,0.004
15,lepadella,4,29/11/2021,Ellie,0.012
15,p_aurelia,1,29/11/2021,Ellie,0.06
15,p_aurelia,2,29/11/2021,Ellie,0.02
15,p_aurelia,3,29/11/2021,Ellie,0.035
15,p_aurelia,4,29/11/2021,Ellie,0.015
15,p_caudatum,1,29/11/2021,Francesco,0.026
15,p_caudatum,2,29/11/2021,Francesco,0.024
15,p_caudatum,3,29/11/2021,Francesco,0.018
15,p_caudatum,4,29/11/2021,Francesco,0.032
15,philodina,1,29/11/2021,Francesco,0.002
15,philodina,2,29/11/2021,Francesco,0.0005
15,philodina,3,29/11/2021,Francesco,0.004
15,philodina,4,29/11/2021,Francesco,0.003
15,spirostomum,1,29/11/2021,Ellie,0.004
15,spirostomum,2,29/11/2021,Ellie,0.004
15,spirostomum,3,29/11/2021,Ellie,0.003
15,spirostomum,4,29/11/2021,Ellie,0.006
30,blepharisma,1,30/11/2021,Ellie,0.2
30,blepharisma,2,30/11/2021,Ellie,0.1
30,blepharisma,3,30/11/2021,Ellie,0.1
30,blepharisma,4,30/11/2021,Ellie,0.12
30,p_caudatum,1,30/11/2021,Francesco,0.01
30,p_caudatum,2,30/11/2021,Francesco,0.004
30,p_caudatum,3,30/11/2021,Francesco,0.014
30,p_caudatum,4,30/11/2021,Francesco,0.004
30,philodina,1,30/11/2021,Ellie,0.02
30,philodina,2,30/11/2021,Ellie,0.034
30,philodina,4,30/11/2021,Ellie,0.038
25,blepharisma,1,30/11/2021,Ellie,0.08
25,blepharisma,2,30/11/2021,Ellie,0.12
25,blepharisma,3,30/11/2021,Ellie,0.11
25,blepharisma,4,30/11/2021,Ellie,0.08
25,lepadella,1,30/11/2021,Francesco,0.055
25,lepadella,2,30/11/2021,Francesco,0.012
25,lepadella,3,30/11/2021,Francesco,0.1
25,lepadella,4,30/11/2021,Francesco,0.05
25,philodina,1,30/11/2021,Ellie,0.04
25,philodina,2,30/11/2021,Ellie,0.052
25,philodina,3,30/11/2021,Ellie,0.024
20,blepharisma,1,30/11/2021,Ellie,0.22
20,blepharisma,2,30/11/2021,Ellie,0.26
20,blepharisma,3,30/11/2021,Ellie,0.24
20,blepharisma,4,30/11/2021,Ellie,0.27
20,lepadella,1,30/11/2021,Francesco,0.15
20,lepadella,2,30/11/2021,Francesco,0.15
20,lepadella,3,30/11/2021,Francesco,0.17
20,lepadella,4,30/11/2021,Francesco,0.22
20,p_aurelia,1,30/11/2021,Ellie,0.12
20,p_aurelia,2,30/11/2021,Ellie,0.34
20,p_aurelia,3,30/11/2021,Ellie,0.26
20,p_aurelia,4,30/11/2021,Ellie,0.12
20,p_caudatum,1,30/11/2021,Francesco,0.06
20,p_caudatum,2,30/11/2021,Francesco,0.06
20,p_caudatum,3,30/11/2021,Francesco,0.25
20,p_caudatum,4,30/11/2021,Francesco,0.04
20,philodina,1,30/11/2021,Ellie,0.004
20,philodina,2,30/11/2021,Ellie,0.008
20,philodina,3,30/11/2021,Ellie,0.004
20,philodina,4,30/11/2021,Ellie,0.008
15,blepharisma,1,30/11/2021,Francesco,0.007
15,blepharisma,2,30/11/2021,Francesco,0.007
15,blepharisma,3,30/11/2021,Francesco,0.004
15,blepharisma,4,30/11/2021,Francesco,0.011
15,colpidium,1,30/11/2021,Ellie,0.65
15,colpidium,2,30/11/2021,Ellie,0.35
15,colpidium,3,30/11/2021,Ellie,0.9
15,colpidium,4,30/11/2021,Ellie,0.55
15,lepadella,1,30/11/2021,Ellie,0.014
15,lepadella,2,30/11/2021,Ellie,0.008
15,lepadella,3,30/11/2021,Ellie,0.018
15,lepadella,4,30/11/2021,Ellie,0.02
15,p_aurelia,1,30/11/2021,Ellie,0.04
15,p_aurelia,2,30/11/2021,Ellie,0.06
15,p_aurelia,3,30/11/2021,Ellie,0.06
15,p_aurelia,4,30/11/2021,Ellie,0.065
15,p_caudatum,1,30/11/2021,Ellie,0.03
15,p_caudatum,2,30/11/2021,Ellie,0.032
15,p_caudatum,3,30/11/2021,Ellie,0.05
15,p_caudatum,4,30/11/2021,Ellie,0.05
15,philodina,1,30/11/2021,Francesco,0.003
15,philodina,2,30/11/2021,Francesco,0.003
15,philodina,3,30/11/2021,Francesco,0.005
15,philodina,4,30/11/2021,Francesco,0.004
15,spirostomum,1,30/11/2021,Ellie,0.004
15,spirostomum,2,30/11/2021,Ellie,0.002
15,spirostomum,3,30/11/2021,Ellie,0.004
15,spirostomum,4,30/11/2021,Ellie,0.006
30,blepharisma,1,01/12/2021,Francesco,0.24
30,blepharisma,2,01/12/2021,Francesco,0.19
30,blepharisma,3,01/12/2021,Francesco,0.11
30,blepharisma,4,01/12/2021,Francesco,0.1
30,p_caudatum,1,01/12/2021,Francesco,0.01
30,p_caudatum,2,01/12/2021,Francesco,0.005
30,p_caudatum,3,01/12/2021,Francesco,0.023333333
30,p_caudatum,4,01/12/2021,Francesco,0.006666667
30,philodina,1,01/12/2021,Ellie,0.02
30,philodina,2,01/12/2021,Ellie,0.038
30,philodina,4,01/12/2021,Ellie,0.028
25,blepharisma,1,01/12/2021,Ellie,0.09
25,blepharisma,2,01/12/2021,Ellie,0.16
25,blepharisma,3,01/12/2021,Ellie,0.11
25,blepharisma,4,01/12/2021,Ellie,0.09
25,lepadella,1,01/12/2021,Francesco,0.02
25,lepadella,2,01/12/2021,Francesco,0.02
25,lepadella,3,01/12/2021,Francesco,0.02
25,lepadella,4,01/12/2021,Francesco,0.02
25,philodina,1,01/12/2021,Ellie,0.05
25,philodina,2,01/12/2021,Ellie,0.036
25,philodina,3,01/12/2021,Ellie,0.032
20,blepharisma,1,01/12/2021,Ellie,0.19
20,blepharisma,2,01/12/2021,Ellie,0.23
20,blepharisma,3,01/12/2021,Ellie,0.23
20,blepharisma,4,01/12/2021,Ellie,0.14
20,lepadella,1,01/12/2021,Francesco,0.13
20,lepadella,2,01/12/2021,Francesco,0.12
20,lepadella,3,01/12/2021,Francesco,0.14
20,lepadella,4,01/12/2021,Francesco,0.17
20,p_aurelia,1,01/12/2021,Francesco,0.02
20,p_aurelia,2,01/12/2021,Francesco,0.11
20,p_aurelia,3,01/12/2021,Francesco,0.09
20,p_aurelia,4,01/12/2021,Francesco,0.14
20,p_caudatum,1,01/12/2021,Ellie,0.06
20,p_caudatum,2,01/12/2021,Ellie,0.16
20,p_caudatum,3,01/12/2021,Ellie,0.18
20,p_caudatum,4,01/12/2021,Ellie,0.16
20,philodina,1,01/12/2021,Ellie,0.012
20,philodina,2,01/12/2021,Ellie,0.008
20,philodina,3,01/12/2021,Ellie,0.006
20,philodina,4,01/12/2021,Ellie,0.028
15,blepharisma,1,01/12/2021,Francesco,0.012
15,blepharisma,2,01/12/2021,Francesco,0.012
15,blepharisma,3,01/12/2021,Francesco,0.011
15,blepharisma,4,01/12/2021,Francesco,0.011
15,colpidium,1,01/12/2021,Ellie,0.55
15,colpidium,2,01/12/2021,Ellie,0.5
15,colpidium,3,01/12/2021,Ellie,0.9
15,colpidium,4,01/12/2021,Ellie,0.65
15,lepadella,1,01/12/2021,Ellie,0.022
15,lepadella,2,01/12/2021,Ellie,0.026
15,lepadella,3,01/12/2021,Ellie,0.026
15,lepadella,4,01/12/2021,Ellie,0.03
15,p_aurelia,1,01/12/2021,Francesco,0.01
15,p_aurelia,2,01/12/2021,Francesco,0.1
15,p_aurelia,3,01/12/2021,Francesco,0.08
15,p_aurelia,4,01/12/2021,Francesco,0.065
15,p_caudatum,1,01/12/2021,Ellie,0.03
15,p_caudatum,2,01/12/2021,Ellie,0.04
15,p_caudatum,3,01/12/2021,Ellie,0.04
15,p_caudatum,4,01/12/2021,Ellie,0.04
15,philodina,1,01/12/2021,Ellie,0.004
15,philodina,2,01/12/2021,Ellie,0.001
15,philodina,3,01/12/2021,Ellie,0.002
15,philodina,4,01/12/2021,Ellie,0.002
15,spirostomum,1,01/12/2021,Francesco,0.004
15,spirostomum,2,01/12/2021,Francesco,0.004
15,spirostomum,3,01/12/2021,Francesco,0.004
15,spirostomum,4,01/12/2021,Francesco,0.006
30,blepharisma,1,02/12/2021,Ellie,0.35
30,blepharisma,2,02/12/2021,Ellie,0.14
30,blepharisma,3,02/12/2021,Ellie,0.12
30,blepharisma,4,02/12/2021,Ellie,0.15
30,p_caudatum,1,02/12/2021,Ellie,0.008
30,p_caudatum,2,02/12/2021,Ellie,0.006
30,p_caudatum,3,02/12/2021,Ellie,0.01
30,p_caudatum,4,02/12/2021,Ellie,0.001
30,philodina,1,02/12/2021,Ellie,0.014
30,philodina,2,02/12/2021,Ellie,0.032
30,philodina,4,02/12/2021,Ellie,0.024
25,blepharisma,1,02/12/2021,Francesco,0.11
25,blepharisma,2,02/12/2021,Francesco,0.1
25,blepharisma,3,02/12/2021,Francesco,0.11
25,blepharisma,4,02/12/2021,Francesco,0.09
25,lepadella,1,02/12/2021,Ellie,0.05
25,lepadella,2,02/12/2021,Ellie,0.04
25,lepadella,3,02/12/2021,Ellie,0.04
25,lepadella,4,02/12/2021,Ellie,0.05
25,philodina,1,02/12/2021,Ellie,0.054
25,philodina,2,02/12/2021,Ellie,0.046
25,philodina,3,02/12/2021,Ellie,0.028
20,blepharisma,1,02/12/2021,Ellie,0.37
20,blepharisma,2,02/12/2021,Ellie,0.22
20,blepharisma,3,02/12/2021,Ellie,0.26
20,blepharisma,4,02/12/2021,Ellie,0.25
20,lepadella,1,02/12/2021,Ellie,0.23
20,lepadella,2,02/12/2021,Ellie,0.09
20,lepadella,3,02/12/2021,Ellie,0.17
20,lepadella,4,02/12/2021,Ellie,0.27
20,p_aurelia,1,02/12/2021,Francesco,0.14
20,p_aurelia,2,02/12/2021,Francesco,0.2
20,p_aurelia,3,02/12/2021,Francesco,0.04
20,p_aurelia,4,02/12/2021,Francesco,0.08
20,p_caudatum,1,02/12/2021,Ellie,0.12
20,p_caudatum,2,02/12/2021,Ellie,0.15
20,p_caudatum,3,02/12/2021,Ellie,0.35
20,p_caudatum,4,02/12/2021,Ellie,0.19
20,philodina,1,02/12/2021,Francesco,0.008
20,philodina,2,02/12/2021,Francesco,0.01
20,philodina,3,02/12/2021,Francesco,0.008
20,philodina,4,02/12/2021,Francesco,0.02
15,blepharisma,1,02/12/2021,Francesco,0.014
15,blepharisma,2,02/12/2021,Francesco,0.016
15,blepharisma,3,02/12/2021,Francesco,0.008
15,blepharisma,4,02/12/2021,Francesco,0.014
15,colpidium,1,02/12/2021,Ellie,0.7
15,colpidium,2,02/12/2021,Ellie,0.6
15,colpidium,3,02/12/2021,Ellie,0.8
15,colpidium,4,02/12/2021,Ellie,0.4
15,lepadella,1,02/12/2021,Ellie,0.044
15,lepadella,2,02/12/2021,Ellie,0.036
15,lepadella,3,02/12/2021,Ellie,0.04
15,lepadella,4,02/12/2021,Ellie,0.036
15,p_aurelia,1,02/12/2021,Ellie,0.06
15,p_aurelia,2,02/12/2021,Ellie,0.08
15,p_aurelia,3,02/12/2021,Ellie,0.08
15,p_aurelia,4,02/12/2021,Ellie,0.12
15,p_caudatum,1,02/12/2021,Ellie,0.04
15,p_caudatum,2,02/12/2021,Ellie,0.04
15,p_caudatum,3,02/12/2021,Ellie,0.03
15,p_caudatum,4,02/12/2021,Ellie,0.03
15,philodina,1,02/12/2021,Francesco,0.003
15,philodina,2,02/12/2021,Francesco,0.001
15,philodina,3,02/12/2021,Francesco,0.003
15,philodina,4,02/12/2021,Francesco,0.001
15,spirostomum,1,02/12/2021,Ellie,0.006
15,spirostomum,2,02/12/2021,Ellie,0.004
15,spirostomum,3,02/12/2021,Ellie,0.002
15,spirostomum,4,02/12/2021,Ellie,0.003
30,blepharisma,1,03/12/2021,Ellie,0.27
30,blepharisma,2,03/12/2021,Ellie,0.25
30,blepharisma,3,03/12/2021,Ellie,0.17
30,blepharisma,4,03/12/2021,Ellie,0.21
30,p_caudatum,1,03/12/2021,Ellie,0.016
30,p_caudatum,2,03/12/2021,Ellie,0.004
30,p_caudatum,3,03/12/2021,Ellie,0.014
30,p_caudatum,4,03/12/2021,Ellie,0.008
30,philodina,1,03/12/2021,Ellie,0.014
30,philodina,2,03/12/2021,Ellie,0.028
30,philodina,4,03/12/2021,Ellie,0.028
25,blepharisma,1,03/12/2021,Ellie,0.18
25,blepharisma,2,03/12/2021,Ellie,0.12
25,blepharisma,3,03/12/2021,Ellie,0.09
25,blepharisma,4,03/12/2021,Ellie,0.11
25,lepadella,1,03/12/2021,Ellie,0.02
25,lepadella,2,03/12/2021,Ellie,0.01
25,lepadella,3,03/12/2021,Ellie,0.04
25,lepadella,4,03/12/2021,Ellie,0.02
25,philodina,1,03/12/2021,Ellie,0.06
25,philodina,2,03/12/2021,Ellie,0.044
25,philodina,3,03/12/2021,Ellie,0.028
20,blepharisma,1,03/12/2021,Ellie,0.21
20,blepharisma,2,03/12/2021,Ellie,0.1
20,blepharisma,3,03/12/2021,Ellie,0.17
20,blepharisma,4,03/12/2021,Ellie,0.13
20,lepadella,1,03/12/2021,Ellie,0.13
20,lepadella,2,03/12/2021,Ellie,0.13
20,lepadella,3,03/12/2021,Ellie,0.42
20,lepadella,4,03/12/2021,Ellie,0.26
20,p_aurelia,1,03/12/2021,Ellie,0.22
20,p_aurelia,2,03/12/2021,Ellie,0.38
20,p_aurelia,3,03/12/2021,Ellie,0.13
20,p_aurelia,4,03/12/2021,Ellie,0.09
20,p_caudatum,1,03/12/2021,Ellie,0.12
20,p_caudatum,2,03/12/2021,Ellie,0.24
20,p_caudatum,3,03/12/2021,Ellie,0.34
20,p_caudatum,4,03/12/2021,Ellie,0.16
20,philodina,1,03/12/2021,Ellie,0.012
20,philodina,2,03/12/2021,Ellie,0.012
20,philodina,3,03/12/2021,Ellie,0.006
20,philodina,4,03/12/2021,Ellie,0.032
15,blepharisma,1,03/12/2021,Ellie,0.008
15,blepharisma,2,03/12/2021,Ellie,0.008
15,blepharisma,3,03/12/2021,Ellie,0.01
15,blepharisma,4,03/12/2021,Ellie,0.02
15,colpidium,1,03/12/2021,Ellie,0.7
15,colpidium,2,03/12/2021,Ellie,0.3
15,colpidium,3,03/12/2021,Ellie,0.2
15,colpidium,4,03/12/2021,Ellie,0.2
15,lepadella,1,03/12/2021,Ellie,0.04
15,lepadella,2,03/12/2021,Ellie,0.04
15,lepadella,3,03/12/2021,Ellie,0.045
15,lepadella,4,03/12/2021,Ellie,0.06
15,p_aurelia,1,03/12/2021,Ellie,0.07
15,p_aurelia,2,03/12/2021,Ellie,0.06
15,p_aurelia,3,03/12/2021,Ellie,0.12
15,p_aurelia,4,03/12/2021,Ellie,0.13
15,p_caudatum,1,03/12/2021,Ellie,0.02
15,p_caudatum,2,03/12/2021,Ellie,0.03
15,p_caudatum,3,03/12/2021,Ellie,0.07
15,p_caudatum,4,03/12/2021,Ellie,0.07
15,philodina,1,03/12/2021,Ellie,0.001
15,philodina,2,03/12/2021,Ellie,0.002
15,philodina,3,03/12/2021,Ellie,0.002
15,philodina,4,03/12/2021,Ellie,0.006
15,spirostomum,1,03/12/2021,Ellie,0.004
15,spirostomum,2,03/12/2021,Ellie,0.006
15,spirostomum,3,03/12/2021,Ellie,0.006
15,spirostomum,4,03/12/2021,Ellie,0.02
30,blepharisma,1,06/12/2021,Ellie,0.21
30,blepharisma,2,06/12/2021,Ellie,0.15
30,blepharisma,3,06/12/2021,Ellie,0.13
30,blepharisma,4,06/12/2021,Ellie,0.18
30,p_caudatum,1,06/12/2021,Ellie,0.01
30,p_caudatum,2,06/12/2021,Ellie,0.006
30,p_caudatum,3,06/12/2021,Ellie,0.02
30,p_caudatum,4,06/12/2021,Ellie,0.01
30,philodina,1,06/12/2021,Ellie,0.012
30,philodina,2,06/12/2021,Ellie,0.024
30,philodina,4,06/12/2021,Ellie,0.01
25,blepharisma,1,06/12/2021,Ellie,0.17
25,blepharisma,2,06/12/2021,Ellie,0.13
25,blepharisma,3,06/12/2021,Ellie,0.13
25,blepharisma,4,06/12/2021,Ellie,0.08
25,lepadella,1,06/12/2021,Francesco,0.03
25,lepadella,2,06/12/2021,Francesco,0.03
25,lepadella,3,06/12/2021,Francesco,0.01
25,lepadella,4,06/12/2021,Francesco,0.02
25,philodina,1,06/12/2021,Ellie,0.044
25,philodina,2,06/12/2021,Ellie,0.04
25,philodina,3,06/12/2021,Ellie,0.032
20,blepharisma,1,06/12/2021,Ellie,0.23
20,blepharisma,2,06/12/2021,Ellie,0.14
20,blepharisma,3,06/12/2021,Ellie,0.23
20,blepharisma,4,06/12/2021,Ellie,0.16
20,lepadella,1,06/12/2021,Francesco,0.11
20,lepadella,2,06/12/2021,Francesco,0.07
20,lepadella,3,06/12/2021,Francesco,0.22
20,lepadella,4,06/12/2021,Francesco,0.24
20,p_aurelia,1,06/12/2021,Ellie,0.1
20,p_aurelia,2,06/12/2021,Ellie,0.48
20,p_aurelia,3,06/12/2021,Ellie,0.11
20,p_aurelia,4,06/12/2021,Ellie,0.12
20,p_caudatum,1,06/12/2021,Francesco,0.11
20,p_caudatum,2,06/12/2021,Francesco,0.13
20,p_caudatum,3,06/12/2021,Francesco,0.2
20,p_caudatum,4,06/12/2021,Francesco,0.15
20,philodina,1,06/12/2021,Ellie,0.012
20,philodina,2,06/12/2021,Ellie,0.008
20,philodina,3,06/12/2021,Ellie,0.004
20,philodina,4,06/12/2021,Ellie,0.016
15,blepharisma,1,06/12/2021,Ellie,0.01
15,blepharisma,2,06/12/2021,Ellie,0.008
15,blepharisma,3,06/12/2021,Ellie,0.014
15,blepharisma,4,06/12/2021,Ellie,0.012
15,colpidium,1,06/12/2021,Ellie,0.1
15,colpidium,2,06/12/2021,Ellie,0.5
15,colpidium,3,06/12/2021,Ellie,0.8
15,colpidium,4,06/12/2021,Ellie,0.7
15,lepadella,1,06/12/2021,Francesco,0.13
15,lepadella,2,06/12/2021,Francesco,0.11
15,lepadella,3,06/12/2021,Francesco,0.07
15,lepadella,4,06/12/2021,Francesco,0.13
15,p_aurelia,1,06/12/2021,Francesco,0.06
15,p_aurelia,2,06/12/2021,Francesco,0.04
15,p_aurelia,3,06/12/2021,Francesco,0.13
15,p_aurelia,4,06/12/2021,Francesco,0.02
15,p_caudatum,1,06/12/2021,Ellie,0.06
15,p_caudatum,2,06/12/2021,Ellie,0.06
15,p_caudatum,3,06/12/2021,Ellie,0.06
15,p_caudatum,4,06/12/2021,Ellie,0.06
15,philodina,1,06/12/2021,Ellie,0.006
15,philodina,2,06/12/2021,Ellie,0.012
15,philodina,3,06/12/2021,Ellie,0.014
15,philodina,4,06/12/2021,Ellie,0.008
15,spirostomum,1,06/12/2021,Ellie,0.018
15,spirostomum,2,06/12/2021,Ellie,0.01
15,spirostomum,3,06/12/2021,Ellie,0.006
15,spirostomum,4,06/12/2021,Ellie,0.02
30,blepharisma,1,07/12/2021,Ellie,0.3
30,blepharisma,2,07/12/2021,Ellie,0.18
30,blepharisma,3,07/12/2021,Ellie,0.1
30,blepharisma,4,07/12/2021,Ellie,0.17
30,p_caudatum,1,07/12/2021,Francesco,0.006
30,p_caudatum,2,07/12/2021,Francesco,0.004
30,p_caudatum,3,07/12/2021,Francesco,0.014
30,p_caudatum,4,07/12/2021,Francesco,0.01
30,philodina,1,07/12/2021,Ellie,0.016
30,philodina,2,07/12/2021,Ellie,0.03
30,philodina,4,07/12/2021,Ellie,0.02
25,blepharisma,1,07/12/2021,Ellie,0.21
25,blepharisma,2,07/12/2021,Ellie,0.15
25,blepharisma,3,07/12/2021,Ellie,0.13
25,blepharisma,4,07/12/2021,Ellie,0.13
25,lepadella,1,07/12/2021,Francesco,0.02
25,lepadella,2,07/12/2021,Francesco,0.01
25,lepadella,3,07/12/2021,Francesco,0.05
25,lepadella,4,07/12/2021,Francesco,0.04
25,philodina,1,07/12/2021,Ellie,0.036
25,philodina,2,07/12/2021,Ellie,0.03
25,philodina,3,07/12/2021,Ellie,0.016
20,blepharisma,1,07/12/2021,Ellie,0.19
20,blepharisma,2,07/12/2021,Ellie,0.17
20,blepharisma,3,07/12/2021,Ellie,0.22
20,blepharisma,4,07/12/2021,Ellie,0.17
20,lepadella,1,07/12/2021,Francesco,0.1
20,lepadella,2,07/12/2021,Francesco,0.05
20,lepadella,3,07/12/2021,Francesco,0.18
20,lepadella,4,07/12/2021,Francesco,0.26
20,p_aurelia,1,07/12/2021,Francesco,0.17
20,p_aurelia,2,07/12/2021,Francesco,0.233333333
20,p_aurelia,3,07/12/2021,Francesco,0.1
20,p_aurelia,4,07/12/2021,Francesco,0.1
20,p_caudatum,1,07/12/2021,Ellie,0.08
20,p_caudatum,2,07/12/2021,Ellie,0.18
20,p_caudatum,3,07/12/2021,Ellie,0.38
20,p_caudatum,4,07/12/2021,Ellie,0.13
20,philodina,1,07/12/2021,Ellie,0.012
20,philodina,2,07/12/2021,Ellie,0.008
20,philodina,3,07/12/2021,Ellie,0.016
20,philodina,4,07/12/2021,Ellie,0.018
15,blepharisma,1,07/12/2021,Ellie,0.016
15,blepharisma,2,07/12/2021,Ellie,0.024
15,blepharisma,3,07/12/2021,Ellie,0.002
15,blepharisma,4,07/12/2021,Ellie,0.018
15,colpidium,1,07/12/2021,Ellie,0.8
15,colpidium,2,07/12/2021,Ellie,0.4
15,colpidium,3,07/12/2021,Ellie,1
15,colpidium,4,07/12/2021,Ellie,0.6
15,lepadella,1,07/12/2021,Francesco,0.07
15,lepadella,2,07/12/2021,Francesco,0.14
15,lepadella,3,07/12/2021,Francesco,0.12
15,lepadella,4,07/12/2021,Francesco,0.13
15,p_aurelia,1,07/12/2021,Francesco,0.06
15,p_aurelia,2,07/12/2021,Francesco,0.05
15,p_aurelia,3,07/12/2021,Francesco,0.09
15,p_aurelia,4,07/12/2021,Francesco,0.01
15,p_caudatum,1,07/12/2021,Ellie,0.01
15,p_caudatum,2,07/12/2021,Ellie,0.04
15,p_caudatum,3,07/12/2021,Ellie,0.02
15,p_caudatum,4,07/12/2021,Ellie,0.06
15,philodina,1,07/12/2021,Francesco,0.01
15,philodina,2,07/12/2021,Francesco,0.004
15,philodina,3,07/12/2021,Francesco,0.01
15,philodina,4,07/12/2021,Francesco,0.012
15,spirostomum,1,07/12/2021,Ellie,0.012
15,spirostomum,2,07/12/2021,Ellie,0.006
15,spirostomum,3,07/12/2021,Ellie,0.004
15,spirostomum,4,07/12/2021,Ellie,0.03
20,philodina,1,08/12/2021,Ellie,0.012
20,philodina,2,08/12/2021,Ellie,0.008
20,philodina,3,08/12/2021,Ellie,0.014
20,philodina,4,08/12/2021,Ellie,0.028
15,blepharisma,1,08/12/2021,Ellie,0.016
15,blepharisma,2,08/12/2021,Ellie,0.018
15,blepharisma,3,08/12/2021,Ellie,0.004
15,blepharisma,4,08/12/2021,Ellie,0.008
15,colpidium,1,08/12/2021,Ellie,0.5
15,colpidium,2,08/12/2021,Ellie,0.25
15,colpidium,3,08/12/2021,Ellie,0.8
15,colpidium,4,08/12/2021,Ellie,1.3
15,lepadella,1,08/12/2021,Ellie,0.13
15,lepadella,2,08/12/2021,Ellie,0.09
15,lepadella,3,08/12/2021,Ellie,0.1
15,lepadella,4,08/12/2021,Ellie,0.11
15,p_caudatum,1,08/12/2021,Ellie,0.05
15,p_caudatum,2,08/12/2021,Ellie,0.06
15,p_caudatum,3,08/12/2021,Ellie,0.04
15,p_caudatum,4,08/12/2021,Ellie,0.06
15,philodina,1,08/12/2021,Ellie,0.006
15,philodina,2,08/12/2021,Ellie,0.01
15,philodina,3,08/12/2021,Ellie,0.01
15,philodina,4,08/12/2021,Ellie,0.014
15,spirostomum,1,08/12/2021,Ellie,0.006
15,spirostomum,2,08/12/2021,Ellie,0.012
15,spirostomum,3,08/12/2021,Ellie,0.008
15,spirostomum,4,08/12/2021,Ellie,0.024
20,philodina,1,09/12/2021,Ellie,0.008
20,philodina,2,09/12/2021,Ellie,0.008
20,philodina,3,09/12/2021,Ellie,0.014
20,philodina,4,09/12/2021,Ellie,0.034
15,blepharisma,1,09/12/2021,Ellie,0.016
15,blepharisma,2,09/12/2021,Ellie,0.022
15,blepharisma,3,09/12/2021,Ellie,0.004
15,blepharisma,4,09/12/2021,Ellie,0.01
15,colpidium,1,09/12/2021,Francesco,0.4
15,colpidium,2,09/12/2021,Francesco,0.9
15,colpidium,3,09/12/2021,Francesco,0.3
15,colpidium,4,09/12/2021,Francesco,0.3
15,lepadella,1,09/12/2021,Francesco,0.09
15,lepadella,2,09/12/2021,Francesco,0.11
15,lepadella,3,09/12/2021,Francesco,0.1
15,lepadella,4,09/12/2021,Francesco,0.12
15,p_caudatum,1,09/12/2021,Ellie,0.03
15,p_caudatum,2,09/12/2021,Ellie,0.062
15,p_caudatum,3,09/12/2021,Ellie,0.046
15,p_caudatum,4,09/12/2021,Ellie,0.036
15,philodina,1,09/12/2021,Ellie,0.008
15,philodina,2,09/12/2021,Ellie,0.01
15,philodina,3,09/12/2021,Ellie,0.012
15,philodina,4,09/12/2021,Ellie,0.038
15,spirostomum,1,09/12/2021,Ellie,0.004
15,spirostomum,2,09/12/2021,Ellie,0.018
15,spirostomum,3,09/12/2021,Ellie,0.008
15,spirostomum,4,09/12/2021,Ellie,0.02
20,philodina,1,10/12/2021,Ellie,0.014
20,philodina,2,10/12/2021,Ellie,0.006
20,philodina,3,10/12/2021,Ellie,0.016
20,philodina,4,10/12/2021,Ellie,0.028
15,blepharisma,1,10/12/2021,Ellie,0.012
15,blepharisma,2,10/12/2021,Ellie,0.01
15,blepharisma,3,10/12/2021,Ellie,0.006
15,blepharisma,4,10/12/2021,Ellie,0.012
15,colpidium,1,10/12/2021,Ellie,0.4
15,colpidium,2,10/12/2021,Ellie,0.5
15,colpidium,3,10/12/2021,Ellie,0.6
15,colpidium,4,10/12/2021,Ellie,0.4
15,lepadella,1,10/12/2021,Ellie,0.1
15,lepadella,2,10/12/2021,Ellie,0.11
15,lepadella,3,10/12/2021,Ellie,0.1
15,lepadella,4,10/12/2021,Ellie,0.1
15,p_caudatum,1,10/12/2021,Ellie,0.05
15,p_caudatum,2,10/12/2021,Ellie,0.034
15,p_caudatum,3,10/12/2021,Ellie,0.036
15,p_caudatum,4,10/12/2021,Ellie,0.044
15,philodina,1,10/12/2021,Ellie,0.008
15,philodina,2,10/12/2021,Ellie,0.012
15,philodina,3,10/12/2021,Ellie,0.016
15,philodina,4,10/12/2021,Ellie,0.016
15,spirostomum,1,10/12/2021,Ellie,0.004
15,spirostomum,2,10/12/2021,Ellie,0.008
15,spirostomum,3,10/12/2021,Ellie,0.002
15,spirostomum,4,10/12/2021,Ellie,0.022
20,philodina,1,14/12/2021,Ellie,0.02
20,philodina,2,14/12/2021,Ellie,0.004
20,philodina,3,14/12/2021,Ellie,0.004
20,philodina,4,14/12/2021,Ellie,0.014
15,blepharisma,1,14/12/2021,Ellie,0.002
15,blepharisma,2,14/12/2021,Ellie,0.014
15,blepharisma,3,14/12/2021,Ellie,0.002
15,blepharisma,4,14/12/2021,Ellie,0.004
15,colpidium,1,14/12/2021,Ellie,0.4
15,colpidium,2,14/12/2021,Ellie,0.7
15,colpidium,3,14/12/2021,Ellie,0.6
15,colpidium,4,14/12/2021,Ellie,0.6
15,lepadella,1,14/12/2021,Ellie,0.14
15,lepadella,2,14/12/2021,Ellie,0.16
15,lepadella,3,14/12/2021,Ellie,0.13
15,lepadella,4,14/12/2021,Ellie,0.15
15,p_caudatum,1,14/12/2021,Ellie,0.08
15,p_caudatum,2,14/12/2021,Ellie,0.05
15,p_caudatum,3,14/12/2021,Ellie,0.07
15,p_caudatum,4,14/12/2021,Ellie,0.01
15,philodina,1,14/12/2021,Ellie,0.008
15,philodina,2,14/12/2021,Ellie,0.012
15,philodina,3,14/12/2021,Ellie,0.014
15,philodina,4,14/12/2021,Ellie,0.02
15,spirostomum,1,14/12/2021,Ellie,0.008
15,spirostomum,2,14/12/2021,Ellie,0.006
15,spirostomum,3,14/12/2021,Ellie,0.008
15,spirostomum,4,14/12/2021,Ellie,0.016
15,blepharisma,1,15/12/2021,Ellie,0.006
15,blepharisma,2,15/12/2021,Ellie,0.004
15,blepharisma,3,15/12/2021,Ellie,0.0005
15,blepharisma,4,15/12/2021,Ellie,0.002
15,colpidium,1,15/12/2021,Ellie,0.5
15,colpidium,2,15/12/2021,Ellie,0.5
15,colpidium,3,15/12/2021,Ellie,1.3
15,colpidium,4,15/12/2021,Ellie,0.3
15,lepadella,1,15/12/2021,Ellie,0.07
15,lepadella,2,15/12/2021,Ellie,0.17
15,lepadella,3,15/12/2021,Ellie,0.06
15,lepadella,4,15/12/2021,Ellie,0.06
15,p_caudatum,1,15/12/2021,Ellie,0.05
15,p_caudatum,2,15/12/2021,Ellie,0.01
15,p_caudatum,3,15/12/2021,Ellie,0.05
15,p_caudatum,4,15/12/2021,Ellie,0.05
15,philodina,1,15/12/2021,Ellie,0.004
15,philodina,2,15/12/2021,Ellie,0.012
15,philodina,3,15/12/2021,Ellie,0.012
15,philodina,4,15/12/2021,Ellie,0.012
15,spirostomum,1,15/12/2021,Ellie,0.004
15,spirostomum,2,15/12/2021,Ellie,0.004
15,spirostomum,3,15/12/2021,Ellie,0.002
15,spirostomum,4,15/12/2021,Ellie,0.016
15,blepharisma,1,17/12/2021,Ellie,0.006
15,blepharisma,2,17/12/2021,Ellie,0.006
15,blepharisma,3,17/12/2021,Ellie,0.0005
15,blepharisma,4,17/12/2021,Ellie,0.004
15,colpidium,1,17/12/2021,Ellie,0.6
15,colpidium,2,17/12/2021,Ellie,0.4
15,colpidium,3,17/12/2021,Ellie,0.4
15,colpidium,4,17/12/2021,Ellie,0.3
15,lepadella,1,17/12/2021,Ellie,0.08
15,lepadella,2,17/12/2021,Ellie,0.14
15,lepadella,3,17/12/2021,Ellie,0.07
15,lepadella,4,17/12/2021,Ellie,0.14
15,p_caudatum,1,17/12/2021,Ellie,0.02
15,p_caudatum,2,17/12/2021,Ellie,0.06
15,p_caudatum,3,17/12/2021,Ellie,0.07
15,p_caudatum,4,17/12/2021,Ellie,0.06
15,philodina,1,17/12/2021,Ellie,0.002
15,philodina,2,17/12/2021,Ellie,0.012
15,philodina,3,17/12/2021,Ellie,0.012
15,philodina,4,17/12/2021,Ellie,0.034
15,spirostomum,1,17/12/2021,Ellie,0.001
15,spirostomum,2,17/12/2021,Ellie,0.008
15,spirostomum,3,17/12/2021,Ellie,0.0005
15,spirostomum,4,17/12/2021,Ellie,0.008
15,blepharisma,1,20/12/2021,Ellie,0.002
15,blepharisma,2,20/12/2021,Ellie,0.008
15,blepharisma,3,20/12/2021,Ellie,0.002
15,blepharisma,4,20/12/2021,Ellie,0.001
15,colpidium,1,20/12/2021,Ellie,0.5
15,colpidium,2,20/12/2021,Ellie,0.9
15,colpidium,3,20/12/2021,Ellie,0.4
15,colpidium,4,20/12/2021,Ellie,0.6
15,lepadella,1,20/12/2021,Ellie,0.04
15,lepadella,2,20/12/2021,Ellie,0.06
15,lepadella,3,20/12/2021,Ellie,0.04
15,lepadella,4,20/12/2021,Ellie,0.04
15,p_caudatum,1,20/12/2021,Ellie,0.05
15,p_caudatum,2,20/12/2021,Ellie,0.04
15,p_caudatum,3,20/12/2021,Ellie,0.04
15,p_caudatum,4,20/12/2021,Ellie,0.04
15,philodina,1,20/12/2021,Ellie,0.01
15,philodina,2,20/12/2021,Ellie,0.01
15,philodina,3,20/12/2021,Ellie,0.01
15,philodina,4,20/12/2021,Ellie,0.014
15,spirostomum,1,20/12/2021,Ellie,0.0005
15,spirostomum,2,20/12/2021,Ellie,0.0005
15,spirostomum,3,20/12/2021,Ellie,0.0005
15,spirostomum,4,20/12/2021,Ellie,0.012
15,blepharisma,1,21/12/2021,Ellie,0.008
15,blepharisma,2,21/12/2021,Ellie,0.002
15,blepharisma,3,21/12/2021,Ellie,
15,blepharisma,4,21/12/2021,Ellie,0.004
15,colpidium,1,21/12/2021,Ellie,0.6
15,colpidium,2,21/12/2021,Ellie,0.3
15,colpidium,3,21/12/2021,Ellie,1.2
15,colpidium,4,21/12/2021,Ellie,0.3
15,lepadella,1,21/12/2021,Ellie,0.02
15,lepadella,2,21/12/2021,Ellie,0.03
15,lepadella,3,21/12/2021,Ellie,0.02
15,lepadella,4,21/12/2021,Ellie,0.08
15,p_caudatum,1,21/12/2021,Ellie,0.03
15,p_caudatum,2,21/12/2021,Ellie,0.03
15,p_caudatum,3,21/12/2021,Ellie,0.06
15,p_caudatum,4,21/12/2021,Ellie,0.09
15,philodina,1,21/12/2021,Ellie,0.012
15,philodina,2,21/12/2021,Ellie,0.02
15,philodina,3,21/12/2021,Ellie,0.012
15,philodina,4,21/12/2021,Ellie,0.018
15,spirostomum,1,21/12/2021,Ellie,0.0005
15,spirostomum,2,21/12/2021,Ellie,0.0005
15,spirostomum,3,21/12/2021,Ellie,
15,spirostomum,4,21/12/2021,Ellie,0.018
15,blepharisma,1,22/12/2021,Ellie,0.002
15,blepharisma,2,22/12/2021,Ellie,0.006
15,blepharisma,4,22/12/2021,Ellie,0.004
15,colpidium,1,22/12/2021,Ellie,0.5
15,colpidium,2,22/12/2021,Ellie,0.8
15,colpidium,3,22/12/2021,Ellie,0.5
15,colpidium,4,22/12/2021,Ellie,0.3
15,lepadella,1,22/12/2021,Ellie,0.01
15,lepadella,2,22/12/2021,Ellie,0.02
15,lepadella,3,22/12/2021,Ellie,0.03
15,lepadella,4,22/12/2021,Ellie,0.004
15,p_caudatum,1,22/12/2021,Ellie,0.1
15,p_caudatum,2,22/12/2021,Ellie,0.06
15,p_caudatum,3,22/12/2021,Ellie,0.08
15,p_caudatum,4,22/12/2021,Ellie,0.06
15,philodina,1,22/12/2021,Ellie,0.012
15,philodina,2,22/12/2021,Ellie,0.01
15,philodina,3,22/12/2021,Ellie,0.016
15,philodina,4,22/12/2021,Ellie,0.016
15,spirostomum,1,22/12/2021,Ellie,0.000333333
15,spirostomum,2,22/12/2021,Ellie,0.000333333
15,spirostomum,4,22/12/2021,Ellie,0.006
15,blepharisma,1,23/12/2021,Ellie,0.01
15,blepharisma,2,23/12/2021,Ellie,0.004
15,blepharisma,4,23/12/2021,Ellie,0.004
15,colpidium,1,23/12/2021,Ellie,0.6
15,colpidium,2,23/12/2021,Ellie,0.3
15,colpidium,3,23/12/2021,Ellie,0.6
15,colpidium,4,23/12/2021,Ellie,0.4
15,lepadella,1,23/12/2021,Ellie,0.04
15,lepadella,2,23/12/2021,Ellie,0.02
15,lepadella,3,23/12/2021,Ellie,0.02
15,lepadella,4,23/12/2021,Ellie,0.02
15,p_caudatum,1,23/12/2021,Ellie,0.05
15,p_caudatum,2,23/12/2021,Ellie,0.02
15,p_caudatum,3,23/12/2021,Ellie,0.06
15,p_caudatum,4,23/12/2021,Ellie,0.08
15,philodina,1,23/12/2021,Ellie,0.02
15,philodina,2,23/12/2021,Ellie,0.012
15,philodina,3,23/12/2021,Ellie,0.004
15,philodina,4,23/12/2021,Ellie,0.01
15,spirostomum,4,23/12/2021,Ellie,0.01
35,blepharisma,1,10/01/2022,Ellie,0.002
35,blepharisma,2,10/01/2022,Ellie,0.002
35,blepharisma,3,10/01/2022,Ellie,0.002
35,blepharisma,4,10/01/2022,Ellie,0.002
35,lepadella,1,10/01/2022,Ellie,0.002
35,lepadella,2,10/01/2022,Ellie,0.002
35,lepadella,3,10/01/2022,Ellie,0.002
35,lepadella,4,10/01/2022,Ellie,0.002
35,philodina,1,10/01/2022,Ellie,0.002
35,philodina,2,10/01/2022,Ellie,0.002
35,philodina,3,10/01/2022,Ellie,0.002
35,philodina,4,10/01/2022,Ellie,0.002
10,blepharisma,1,10/01/2022,Ellie,0.002
10,blepharisma,2,10/01/2022,Ellie,0.002
10,blepharisma,3,10/01/2022,Ellie,0.002
10,blepharisma,4,10/01/2022,Ellie,0.002
10,colpidium,1,10/01/2022,Ellie,0.002
10,colpidium,2,10/01/2022,Ellie,0.002
10,colpidium,3,10/01/2022,Ellie,0.002
10,colpidium,4,10/01/2022,Ellie,0.002
10,lepadella,1,10/01/2022,Ellie,0.002
10,lepadella,2,10/01/2022,Ellie,0.002
10,lepadella,3,10/01/2022,Ellie,0.002
10,lepadella,4,10/01/2022,Ellie,0.002
10,p_aurelia,1,10/01/2022,Ellie,0.002
10,p_aurelia,2,10/01/2022,Ellie,0.002
10,p_aurelia,3,10/01/2022,Ellie,0.002
10,p_aurelia,4,10/01/2022,Ellie,0.002
10,p_caudatum,1,10/01/2022,Ellie,0.002
10,p_caudatum,2,10/01/2022,Ellie,0.002
10,p_caudatum,3,10/01/2022,Ellie,0.002
10,p_caudatum,4,10/01/2022,Ellie,0.002
10,philodina,1,10/01/2022,Ellie,0.002
10,philodina,2,10/01/2022,Ellie,0.002
10,philodina,3,10/01/2022,Ellie,0.002
10,philodina,4,10/01/2022,Ellie,0.002
10,spirostomum,1,10/01/2022,Ellie,0.002
10,spirostomum,2,10/01/2022,Ellie,0.002
10,spirostomum,3,10/01/2022,Ellie,0.002
10,spirostomum,4,10/01/2022,Ellie,0.002
35,blepharisma,1,11/01/2022,Ellie,0.000666667
35,blepharisma,2,11/01/2022,Ellie,0.002
35,blepharisma,3,11/01/2022,Ellie,0.002
35,blepharisma,4,11/01/2022,Ellie,0.0035
35,lepadella,1,11/01/2022,Ellie,0.0002
35,lepadella,2,11/01/2022,Ellie,0.0005
35,lepadella,3,11/01/2022,Ellie,0.000333333
35,lepadella,4,11/01/2022,Ellie,0.0015
35,philodina,1,11/01/2022,Ellie,0.004
35,philodina,2,11/01/2022,Ellie,0.003
35,philodina,3,11/01/2022,Ellie,0.007
35,philodina,4,11/01/2022,Ellie,0.004
10,blepharisma,1,11/01/2022,Ellie,0.005
10,blepharisma,2,11/01/2022,Ellie,0.003
10,blepharisma,3,11/01/2022,Ellie,0.002
10,blepharisma,4,11/01/2022,Ellie,0.005
10,colpidium,1,11/01/2022,Ellie,0.002
10,colpidium,2,11/01/2022,Ellie,0.006
10,colpidium,3,11/01/2022,Ellie,0.012
10,colpidium,4,11/01/2022,Ellie,0.002
10,lepadella,1,11/01/2022,Ellie,0.002
10,lepadella,2,11/01/2022,Ellie,0.005
10,lepadella,3,11/01/2022,Ellie,0.002
10,lepadella,4,11/01/2022,Ellie,0.0005
10,p_aurelia,1,11/01/2022,Ellie,0.006
10,p_aurelia,2,11/01/2022,Ellie,0.002
10,p_aurelia,3,11/01/2022,Ellie,0.002
10,p_aurelia,4,11/01/2022,Ellie,0.002
10,p_caudatum,1,11/01/2022,Ellie,0.001
10,p_caudatum,2,11/01/2022,Ellie,0.004
10,p_caudatum,3,11/01/2022,Ellie,0.004
10,p_caudatum,4,11/01/2022,Ellie,0.001
10,philodina,1,11/01/2022,Ellie,0.004
10,philodina,2,11/01/2022,Ellie,0.001
10,philodina,3,11/01/2022,Ellie,0.002
10,philodina,4,11/01/2022,Ellie,0.001
10,spirostomum,1,11/01/2022,Ellie,0.0005
10,spirostomum,2,11/01/2022,Ellie,0.001
10,spirostomum,3,11/01/2022,Ellie,0.0005
10,spirostomum,4,11/01/2022,Ellie,0.000166667
35,blepharisma,1,12/01/2022,Ellie,0.0002
35,blepharisma,2,12/01/2022,Ellie,0.0005
35,blepharisma,3,12/01/2022,Ellie,0.00012
35,blepharisma,4,12/01/2022,Ellie,0.00004
35,lepadella,1,12/01/2022,Ellie,0.0005
35,lepadella,2,12/01/2022,Ellie,0.000666667
35,lepadella,3,12/01/2022,Ellie,0.0005
35,lepadella,4,12/01/2022,Ellie,0.001
35,philodina,1,12/01/2022,Ellie,0.004
35,philodina,2,12/01/2022,Ellie,0.008
35,philodina,3,12/01/2022,Ellie,0.003
35,philodina,4,12/01/2022,Ellie,0.012
10,blepharisma,1,12/01/2022,Ellie,0.001
10,blepharisma,2,12/01/2022,Ellie,0.002
10,blepharisma,3,12/01/2022,Ellie,0.005
10,blepharisma,4,12/01/2022,Ellie,0.004
10,colpidium,1,12/01/2022,Ellie,0.002
10,colpidium,2,12/01/2022,Ellie,0.006
10,colpidium,3,12/01/2022,Ellie,0.002
10,colpidium,4,12/01/2022,Ellie,0.01
10,lepadella,1,12/01/2022,Ellie,0.003
10,lepadella,2,12/01/2022,Ellie,0.001
10,lepadella,3,12/01/2022,Ellie,0.001
10,lepadella,4,12/01/2022,Ellie,0.003
10,p_aurelia,1,12/01/2022,Ellie,0.002
10,p_aurelia,2,12/01/2022,Ellie,0.002
10,p_aurelia,3,12/01/2022,Ellie,0.002
10,p_aurelia,4,12/01/2022,Ellie,0.002
10,p_caudatum,1,12/01/2022,Ellie,0.003
10,p_caudatum,2,12/01/2022,Ellie,0.002
10,p_caudatum,3,12/01/2022,Ellie,0.004
10,p_caudatum,4,12/01/2022,Ellie,0.005
10,philodina,1,12/01/2022,Ellie,0.003
10,philodina,2,12/01/2022,Ellie,0.001
10,philodina,3,12/01/2022,Ellie,0.003
10,philodina,4,12/01/2022,Ellie,0.000133333
10,spirostomum,1,12/01/2022,Ellie,0.001
10,spirostomum,2,12/01/2022,Ellie,0.001
10,spirostomum,3,12/01/2022,Ellie,0.000333333
10,spirostomum,4,12/01/2022,Ellie,0.0005
35,blepharisma,1,13/01/2022,Ellie,0
35,blepharisma,2,13/01/2022,Ellie,0
35,blepharisma,3,13/01/2022,Ellie,0
35,blepharisma,4,13/01/2022,Ellie,0
35,lepadella,1,13/01/2022,Ellie,0.002
35,lepadella,2,13/01/2022,Ellie,0.001
35,lepadella,3,13/01/2022,Ellie,0.005
35,lepadella,4,13/01/2022,Ellie,0.008
35,philodina,1,13/01/2022,Ellie,0.009
35,philodina,2,13/01/2022,Ellie,0.006
35,philodina,3,13/01/2022,Ellie,0.007
35,philodina,4,13/01/2022,Ellie,0.009
10,blepharisma,1,13/01/2022,Ellie,0.007
10,blepharisma,2,13/01/2022,Ellie,0.002
10,blepharisma,3,13/01/2022,Ellie,0.002
10,blepharisma,4,13/01/2022,Ellie,0.004
10,colpidium,1,13/01/2022,Ellie,0.006
10,colpidium,2,13/01/2022,Ellie,0.004
10,colpidium,3,13/01/2022,Ellie,0.004
10,colpidium,4,13/01/2022,Ellie,0.01
10,lepadella,1,13/01/2022,Ellie,0.001
10,lepadella,2,13/01/2022,Ellie,0.0005
10,lepadella,3,13/01/2022,Ellie,0.002
10,lepadella,4,13/01/2022,Ellie,0.002
10,p_aurelia,1,13/01/2022,Ellie,0.0015
10,p_aurelia,2,13/01/2022,Ellie,0.001
10,p_aurelia,3,13/01/2022,Ellie,0.0005
10,p_aurelia,4,13/01/2022,Ellie,0.001
10,p_caudatum,1,13/01/2022,Ellie,0.001
10,p_caudatum,2,13/01/2022,Ellie,0.005
10,p_caudatum,3,13/01/2022,Ellie,0.003
10,p_caudatum,4,13/01/2022,Ellie,0.002
10,philodina,1,13/01/2022,Ellie,0.002
10,philodina,2,13/01/2022,Ellie,0.005
10,philodina,3,13/01/2022,Ellie,0.003
10,philodina,4,13/01/2022,Ellie,0.002
10,spirostomum,1,13/01/2022,Ellie,0.0002
10,spirostomum,2,13/01/2022,Ellie,0.001
10,spirostomum,4,13/01/2022,Ellie,0.000333333
35,blepharisma,1,14/01/2022,Ellie,0
35,blepharisma,2,14/01/2022,Ellie,0
35,blepharisma,3,14/01/2022,Ellie,0
35,blepharisma,4,14/01/2022,Ellie,0
35,lepadella,1,14/01/2022,Ellie,0.0005
35,lepadella,2,14/01/2022,Ellie,0.0005
35,lepadella,3,14/01/2022,Ellie,0.006
35,lepadella,4,14/01/2022,Ellie,0.009
35,philodina,1,14/01/2022,Ellie,0.014
35,philodina,2,14/01/2022,Ellie,0.019
35,philodina,3,14/01/2022,Ellie,0.014
35,philodina,4,14/01/2022,Ellie,0.013
10,blepharisma,1,14/01/2022,Ellie,0.0015
10,blepharisma,2,14/01/2022,Ellie,0.005
10,blepharisma,3,14/01/2022,Ellie,0.007
10,blepharisma,4,14/01/2022,Ellie,0.004
10,colpidium,1,14/01/2022,Ellie,0.014
10,colpidium,2,14/01/2022,Ellie,0.016
10,colpidium,3,14/01/2022,Ellie,0.02
10,colpidium,4,14/01/2022,Ellie,0.014
10,lepadella,1,14/01/2022,Ellie,0.001
10,lepadella,2,14/01/2022,Ellie,0.004
10,lepadella,3,14/01/2022,Ellie,0.001
10,lepadella,4,14/01/2022,Ellie,0.002
10,p_aurelia,1,14/01/2022,Ellie,0.0015
10,p_aurelia,2,14/01/2022,Ellie,0.004
10,p_aurelia,3,14/01/2022,Ellie,0.0002
10,p_aurelia,4,14/01/2022,Ellie,0.0005
10,p_caudatum,1,14/01/2022,Ellie,0.004
10,p_caudatum,2,14/01/2022,Ellie,0.003
10,p_caudatum,3,14/01/2022,Ellie,0.007
10,p_caudatum,4,14/01/2022,Ellie,0.002
10,philodina,1,14/01/2022,Ellie,0.001
10,philodina,2,14/01/2022,Ellie,0.001
10,philodina,3,14/01/2022,Ellie,0.000333333
10,philodina,4,14/01/2022,Ellie,0.001
10,spirostomum,1,14/01/2022,Ellie,0.0006
10,spirostomum,2,14/01/2022,Ellie,0.0004
10,spirostomum,4,14/01/2022,Ellie,0.0006
35,lepadella,1,17/01/2022,Ellie,0.008
35,lepadella,2,17/01/2022,Ellie,0.004
35,lepadella,3,17/01/2022,Ellie,0.006
35,lepadella,4,17/01/2022,Ellie,0.006
35,philodina,1,17/01/2022,Ellie,0.034
35,philodina,2,17/01/2022,Ellie,0.022
35,philodina,3,17/01/2022,Ellie,0.028
35,philodina,4,17/01/2022,Ellie,0.048
10,blepharisma,1,17/01/2022,Ellie,0.001
10,blepharisma,2,17/01/2022,Ellie,0.004
10,blepharisma,3,17/01/2022,Ellie,0.004
10,blepharisma,4,17/01/2022,Ellie,0.004
10,colpidium,1,17/01/2022,Ellie,0.21
10,colpidium,2,17/01/2022,Ellie,0.12
10,colpidium,3,17/01/2022,Ellie,0.13
10,colpidium,4,17/01/2022,Ellie,0.08
10,lepadella,1,17/01/2022,Ellie,0.002
10,lepadella,2,17/01/2022,Ellie,0.006
10,lepadella,3,17/01/2022,Ellie,0.001
10,lepadella,4,17/01/2022,Ellie,0.004
10,p_aurelia,1,17/01/2022,Ellie,0.001
10,p_aurelia,2,17/01/2022,Ellie,0.001
10,p_aurelia,3,17/01/2022,Ellie,0.0005
10,p_aurelia,4,17/01/2022,Ellie,0.0015
10,p_caudatum,1,17/01/2022,Ellie,0.013
10,p_caudatum,2,17/01/2022,Ellie,0.013
10,p_caudatum,3,17/01/2022,Ellie,0.008
10,p_caudatum,4,17/01/2022,Ellie,0.002
10,philodina,1,17/01/2022,Ellie,0.002
10,philodina,2,17/01/2022,Ellie,0.003
10,philodina,3,17/01/2022,Ellie,0.0005
10,philodina,4,17/01/2022,Ellie,0.001
10,spirostomum,1,17/01/2022,Ellie,0
10,spirostomum,2,17/01/2022,Ellie,0.00024
10,spirostomum,4,17/01/2022,Ellie,0.00012
32.5,blepharisma,1,17/01/2022,Ellie,0.002
32.5,blepharisma,2,17/01/2022,Ellie,0.002
32.5,blepharisma,3,17/01/2022,Ellie,0.002
32.5,blepharisma,4,17/01/2022,Ellie,0.002
32.5,lepadella,1,17/01/2022,Ellie,0.002
32.5,lepadella,2,17/01/2022,Ellie,0.002
32.5,lepadella,3,17/01/2022,Ellie,0.002
32.5,lepadella,4,17/01/2022,Ellie,0.002
32.5,p_aurelia,1,17/01/2022,Ellie,0.002
32.5,p_aurelia,2,17/01/2022,Ellie,0.002
32.5,p_caudatum,1,17/01/2022,Ellie,0.002
32.5,p_caudatum,2,17/01/2022,Ellie,0.002
32.5,p_caudatum,3,17/01/2022,Ellie,0.002
32.5,p_caudatum,4,17/01/2022,Ellie,0.002
32.5,philodina,1,17/01/2022,Ellie,0.002
32.5,philodina,2,17/01/2022,Ellie,0.002
32.5,philodina,3,17/01/2022,Ellie,0.002
32.5,philodina,4,17/01/2022,Ellie,0.002
20,spirostomum,1,17/01/2022,Ellie,0.002
20,spirostomum,2,17/01/2022,Ellie,0.002
20,spirostomum,3,17/01/2022,Ellie,0.002
20,spirostomum,4,17/01/2022,Ellie,0.002
35,lepadella,1,18/01/2022,Ellie,0.01
35,lepadella,2,18/01/2022,Ellie,0.002
35,lepadella,3,18/01/2022,Ellie,0.018
35,lepadella,4,18/01/2022,Ellie,0.016
35,philodina,1,18/01/2022,Ellie,0.032
35,philodina,2,18/01/2022,Ellie,0.018
35,philodina,3,18/01/2022,Ellie,0.05
35,philodina,4,18/01/2022,Ellie,0.034
32.5,blepharisma,1,18/01/2022,Ellie,0.001
32.5,blepharisma,2,18/01/2022,Ellie,0.002
32.5,blepharisma,3,18/01/2022,Ellie,0.0015
32.5,blepharisma,4,18/01/2022,Ellie,0.003
32.5,lepadella,1,18/01/2022,Ellie,0.006
32.5,lepadella,2,18/01/2022,Ellie,0.003
32.5,lepadella,3,18/01/2022,Ellie,0.005
32.5,lepadella,4,18/01/2022,Ellie,0.008
32.5,p_aurelia,1,18/01/2022,Ellie,0.002
32.5,p_aurelia,2,18/01/2022,Ellie,0.001
32.5,p_caudatum,1,18/01/2022,Ellie,0.002
32.5,p_caudatum,2,18/01/2022,Ellie,0.003
32.5,p_caudatum,3,18/01/2022,Ellie,0.004
32.5,p_caudatum,4,18/01/2022,Ellie,0.006
32.5,philodina,1,18/01/2022,Ellie,0.003
32.5,philodina,2,18/01/2022,Ellie,0.002
32.5,philodina,3,18/01/2022,Ellie,0.005
32.5,philodina,4,18/01/2022,Ellie,0.003
20,spirostomum,1,18/01/2022,Ellie,0.002
20,spirostomum,2,18/01/2022,Ellie,0.001
20,spirostomum,3,18/01/2022,Ellie,0.003
20,spirostomum,4,18/01/2022,Ellie,0.001
10,blepharisma,1,18/01/2022,Ellie,0.003
10,blepharisma,2,18/01/2022,Ellie,0.004
10,blepharisma,3,18/01/2022,Ellie,0.002
10,blepharisma,4,18/01/2022,Ellie,0.003
10,colpidium,1,18/01/2022,Ellie,0.16
10,colpidium,2,18/01/2022,Ellie,0.18
10,colpidium,3,18/01/2022,Ellie,0.36
10,colpidium,4,18/01/2022,Ellie,0.1
10,lepadella,1,18/01/2022,Ellie,0.001
10,lepadella,2,18/01/2022,Ellie,0.0005
10,lepadella,3,18/01/2022,Ellie,0.0015
10,lepadella,4,18/01/2022,Ellie,0.001
10,p_aurelia,1,18/01/2022,Ellie,0.004
10,p_aurelia,2,18/01/2022,Ellie,0.001
10,p_aurelia,3,18/01/2022,Ellie,0.003
10,p_aurelia,4,18/01/2022,Ellie,0.001
10,p_caudatum,1,18/01/2022,Ellie,0.006
10,p_caudatum,2,18/01/2022,Ellie,0.008
10,p_caudatum,3,18/01/2022,Ellie,0.004
10,p_caudatum,4,18/01/2022,Ellie,0.002
10,philodina,1,18/01/2022,Ellie,0.001
10,philodina,2,18/01/2022,Ellie,0.003
10,philodina,3,18/01/2022,Ellie,0.001
10,philodina,4,18/01/2022,Ellie,0.003
10,spirostomum,1,18/01/2022,Ellie,0.00004
10,spirostomum,2,18/01/2022,Ellie,0
10,spirostomum,4,18/01/2022,Ellie,0.00008
35,lepadella,1,19/01/2022,Ellie,0.012
35,lepadella,2,19/01/2022,Ellie,0.018
35,lepadella,3,19/01/2022,Ellie,0.012
35,lepadella,4,19/01/2022,Ellie,0.012
35,philodina,1,19/01/2022,Ellie,0.08
35,philodina,2,19/01/2022,Ellie,0.03
35,philodina,3,19/01/2022,Ellie,0.04
35,philodina,4,19/01/2022,Ellie,0.06
32.5,blepharisma,1,19/01/2022,Ellie,0.006
32.5,blepharisma,2,19/01/2022,Ellie,0.02
32.5,blepharisma,3,19/01/2022,Ellie,0.012
32.5,blepharisma,4,19/01/2022,Ellie,0.016
32.5,lepadella,1,19/01/2022,Ellie,0.011
32.5,lepadella,2,19/01/2022,Ellie,0.008
32.5,lepadella,3,19/01/2022,Ellie,0.015
32.5,lepadella,4,19/01/2022,Ellie,0.017
32.5,p_aurelia,1,19/01/2022,Ellie,0.014
32.5,p_aurelia,2,19/01/2022,Ellie,0.02
32.5,p_caudatum,1,19/01/2022,Ellie,0.002
32.5,p_caudatum,2,19/01/2022,Ellie,0.004
32.5,p_caudatum,3,19/01/2022,Ellie,0.007
32.5,p_caudatum,4,19/01/2022,Ellie,0.012
32.5,philodina,1,19/01/2022,Ellie,0.008
32.5,philodina,2,19/01/2022,Ellie,0.004
32.5,philodina,3,19/01/2022,Ellie,0.012
32.5,philodina,4,19/01/2022,Ellie,0.004
20,spirostomum,1,19/01/2022,Ellie,0.003
20,spirostomum,2,19/01/2022,Ellie,0.006
20,spirostomum,3,19/01/2022,Ellie,0.002
20,spirostomum,4,19/01/2022,Ellie,0.004
10,blepharisma,1,19/01/2022,Ellie,0.002
10,blepharisma,2,19/01/2022,Ellie,0.001
10,blepharisma,3,19/01/2022,Ellie,0.001
10,blepharisma,4,19/01/2022,Ellie,0.003
10,colpidium,1,19/01/2022,Ellie,0.25
10,colpidium,2,19/01/2022,Ellie,0.25
10,colpidium,3,19/01/2022,Ellie,0.35
10,colpidium,4,19/01/2022,Ellie,0.4
10,lepadella,1,19/01/2022,Ellie,0.001
10,lepadella,2,19/01/2022,Ellie,0.006
10,lepadella,3,19/01/2022,Ellie,0.006
10,lepadella,4,19/01/2022,Ellie,0.002
10,p_aurelia,1,19/01/2022,Ellie,0.005
10,p_aurelia,2,19/01/2022,Ellie,0.007
10,p_aurelia,3,19/01/2022,Ellie,0.0005
10,p_aurelia,4,19/01/2022,Ellie,0.001
10,p_caudatum,1,19/01/2022,Ellie,0.008
10,p_caudatum,2,19/01/2022,Ellie,0.008
10,p_caudatum,3,19/01/2022,Ellie,0.01
10,p_caudatum,4,19/01/2022,Ellie,0.004
10,philodina,1,19/01/2022,Ellie,0.002
10,philodina,2,19/01/2022,Ellie,0.0005
10,philodina,3,19/01/2022,Ellie,0.0005
10,philodina,4,19/01/2022,Ellie,0.001
10,spirostomum,1,19/01/2022,Ellie,0.00008
10,spirostomum,2,19/01/2022,Ellie,0.00036
10,spirostomum,4,19/01/2022,Ellie,0.0002
35,lepadella,1,20/01/2022,Ellie,0.024
35,lepadella,2,20/01/2022,Ellie,0.026
35,lepadella,3,20/01/2022,Ellie,0.03
35,lepadella,4,20/01/2022,Ellie,0.016
35,philodina,1,20/01/2022,Ellie,0.04
35,philodina,2,20/01/2022,Ellie,0.02
35,philodina,3,20/01/2022,Ellie,0.05
35,philodina,4,20/01/2022,Ellie,0.05
32.5,blepharisma,1,20/01/2022,Ellie,0.046
32.5,blepharisma,2,20/01/2022,Ellie,0.05
32.5,blepharisma,3,20/01/2022,Ellie,0.04
32.5,blepharisma,4,20/01/2022,Ellie,0.022
32.5,lepadella,1,20/01/2022,Ellie,0.012
32.5,lepadella,2,20/01/2022,Ellie,0.018
32.5,lepadella,3,20/01/2022,Ellie,0.012
32.5,lepadella,4,20/01/2022,Ellie,0.014
32.5,p_aurelia,1,20/01/2022,Ellie,0.042
32.5,p_aurelia,2,20/01/2022,Ellie,0.042
32.5,p_caudatum,1,20/01/2022,Ellie,0.001
32.5,p_caudatum,2,20/01/2022,Ellie,0.002
32.5,p_caudatum,3,20/01/2022,Ellie,0.006
32.5,p_caudatum,4,20/01/2022,Ellie,0.002
32.5,philodina,1,20/01/2022,Ellie,0.024
32.5,philodina,2,20/01/2022,Ellie,0.026
32.5,philodina,3,20/01/2022,Ellie,0.036
32.5,philodina,4,20/01/2022,Ellie,0.032
20,spirostomum,1,20/01/2022,Ellie,0.001
20,spirostomum,2,20/01/2022,Ellie,0.005
20,spirostomum,3,20/01/2022,Ellie,0.005
20,spirostomum,4,20/01/2022,Ellie,0.001
10,blepharisma,1,20/01/2022,Ellie,0.002
10,blepharisma,2,20/01/2022,Ellie,0.001
10,blepharisma,3,20/01/2022,Ellie,0.002
10,blepharisma,4,20/01/2022,Ellie,0.004
10,colpidium,1,20/01/2022,Ellie,0.45
10,colpidium,2,20/01/2022,Ellie,0.15
10,colpidium,3,20/01/2022,Ellie,0.4
10,colpidium,4,20/01/2022,Ellie,0.1
10,lepadella,1,20/01/2022,Ellie,0.002
10,lepadella,2,20/01/2022,Ellie,0.004
10,lepadella,3,20/01/2022,Ellie,0.002
10,lepadella,4,20/01/2022,Ellie,0.002
10,p_aurelia,1,20/01/2022,Ellie,0.004
10,p_aurelia,2,20/01/2022,Ellie,0.001
10,p_aurelia,3,20/01/2022,Ellie,0.001
10,p_aurelia,4,20/01/2022,Ellie,0.002
10,p_caudatum,1,20/01/2022,Ellie,0.014
10,p_caudatum,2,20/01/2022,Ellie,0.018
10,p_caudatum,3,20/01/2022,Ellie,0.006
10,p_caudatum,4,20/01/2022,Ellie,0.01
10,philodina,1,20/01/2022,Ellie,0.001
10,philodina,2,20/01/2022,Ellie,0.002
10,philodina,3,20/01/2022,Ellie,0.001
10,philodina,4,20/01/2022,Ellie,0.001
10,spirostomum,1,20/01/2022,Ellie,0.0004
10,spirostomum,2,20/01/2022,Ellie,0.00048
10,spirostomum,4,20/01/2022,Ellie,0.00028
35,lepadella,1,21/01/2022,Ellie,0.014
35,lepadella,2,21/01/2022,Ellie,0.028
35,lepadella,3,21/01/2022,Ellie,0.014
35,lepadella,4,21/01/2022,Ellie,0.012
35,philodina,1,21/01/2022,Ellie,0.02
35,philodina,2,21/01/2022,Ellie,0.02
35,philodina,3,21/01/2022,Ellie,0.01
35,philodina,4,21/01/2022,Ellie,0.06
32.5,blepharisma,1,21/01/2022,Ellie,0.11
32.5,blepharisma,2,21/01/2022,Ellie,0.1
32.5,blepharisma,3,21/01/2022,Ellie,0.07
32.5,blepharisma,4,21/01/2022,Ellie,0.02
32.5,lepadella,1,21/01/2022,Ellie,0.008
32.5,lepadella,2,21/01/2022,Ellie,0.006
32.5,lepadella,3,21/01/2022,Ellie,0.004
32.5,lepadella,4,21/01/2022,Ellie,0.004
32.5,p_aurelia,1,21/01/2022,Ellie,0.01
32.5,p_aurelia,2,21/01/2022,Ellie,0.05
32.5,p_caudatum,1,21/01/2022,Ellie,0.001
32.5,p_caudatum,2,21/01/2022,Ellie,0.002
32.5,p_caudatum,3,21/01/2022,Ellie,0.002
32.5,p_caudatum,4,21/01/2022,Ellie,0.001
32.5,philodina,1,21/01/2022,Ellie,0.05
32.5,philodina,2,21/01/2022,Ellie,0.045
32.5,philodina,3,21/01/2022,Ellie,0.06
32.5,philodina,4,21/01/2022,Ellie,0.025
20,spirostomum,1,21/01/2022,Ellie,0.004
20,spirostomum,2,21/01/2022,Ellie,0.008
20,spirostomum,3,21/01/2022,Ellie,0.006
20,spirostomum,4,21/01/2022,Ellie,0.011
10,blepharisma,1,21/01/2022,Ellie,0.008
10,blepharisma,2,21/01/2022,Ellie,0.001
10,blepharisma,3,21/01/2022,Ellie,0.001
10,blepharisma,4,21/01/2022,Ellie,0.004
10,colpidium,1,21/01/2022,Ellie,0.5
10,colpidium,2,21/01/2022,Ellie,0.1
10,colpidium,3,21/01/2022,Ellie,0.7
10,colpidium,4,21/01/2022,Ellie,0.5
10,lepadella,1,21/01/2022,Ellie,0.003
10,lepadella,2,21/01/2022,Ellie,0.002
10,lepadella,3,21/01/2022,Ellie,0.003
10,lepadella,4,21/01/2022,Ellie,0.003
10,p_aurelia,1,21/01/2022,Ellie,0.002
10,p_aurelia,2,21/01/2022,Ellie,0.001
10,p_aurelia,3,21/01/2022,Ellie,0.0005
10,p_aurelia,4,21/01/2022,Ellie,0.0002
10,p_caudatum,1,21/01/2022,Ellie,0.02
10,p_caudatum,2,21/01/2022,Ellie,0.018
10,p_caudatum,3,21/01/2022,Ellie,0.018
10,p_caudatum,4,21/01/2022,Ellie,0.01
10,philodina,1,21/01/2022,Ellie,0.001
10,philodina,2,21/01/2022,Ellie,0.001
10,philodina,3,21/01/2022,Ellie,0.002
10,philodina,4,21/01/2022,Ellie,0.002
10,spirostomum,1,21/01/2022,Ellie,0.00032
10,spirostomum,2,21/01/2022,Ellie,0.00024
10,spirostomum,4,21/01/2022,Ellie,0.00048
35,lepadella,1,24/01/2022,Ellie,0.002
35,lepadella,2,24/01/2022,Ellie,0.004
35,lepadella,3,24/01/2022,Ellie,0.004
35,lepadella,4,24/01/2022,Ellie,0.001
35,philodina,1,24/01/2022,Ellie,0.02
35,philodina,2,24/01/2022,Ellie,0.0005
35,philodina,3,24/01/2022,Ellie,0.025
35,philodina,4,24/01/2022,Ellie,0.095
32.5,blepharisma,1,24/01/2022,Ellie,0.08
32.5,blepharisma,2,24/01/2022,Ellie,0.08
32.5,blepharisma,3,24/01/2022,Ellie,0.12
32.5,blepharisma,4,24/01/2022,Ellie,0.07
32.5,lepadella,1,24/01/2022,Ellie,0.002
32.5,lepadella,2,24/01/2022,Ellie,0.001
32.5,lepadella,3,24/01/2022,Ellie,0.004
32.5,lepadella,4,24/01/2022,Ellie,7.14286E-05
32.5,p_aurelia,1,24/01/2022,Ellie,0.04
32.5,p_aurelia,2,24/01/2022,Ellie,0.02
32.5,p_caudatum,1,24/01/2022,Ellie,0.000666667
32.5,p_caudatum,2,24/01/2022,Ellie,0.0005
32.5,p_caudatum,3,24/01/2022,Ellie,0.0005
32.5,p_caudatum,4,24/01/2022,Ellie,0.0005
32.5,philodina,1,24/01/2022,Ellie,0.09
32.5,philodina,2,24/01/2022,Ellie,0.11
32.5,philodina,3,24/01/2022,Ellie,0.085
32.5,philodina,4,24/01/2022,Ellie,0.085
20,spirostomum,1,24/01/2022,Ellie,0.02
20,spirostomum,2,24/01/2022,Ellie,0.024
20,spirostomum,3,24/01/2022,Ellie,0.05
20,spirostomum,4,24/01/2022,Ellie,0.024
10,blepharisma,1,24/01/2022,Ellie,0.005
10,blepharisma,2,24/01/2022,Ellie,0.003
10,blepharisma,3,24/01/2022,Ellie,0.007
10,blepharisma,4,24/01/2022,Ellie,0.004
10,colpidium,1,24/01/2022,Ellie,0.35
10,colpidium,2,24/01/2022,Ellie,0.3
10,colpidium,3,24/01/2022,Ellie,0.75
10,colpidium,4,24/01/2022,Ellie,0.35
10,lepadella,1,24/01/2022,Ellie,0.005
10,lepadella,2,24/01/2022,Ellie,0.002
10,lepadella,3,24/01/2022,Ellie,0.005
10,lepadella,4,24/01/2022,Ellie,0.001
10,p_aurelia,1,24/01/2022,Ellie,0.003
10,p_aurelia,2,24/01/2022,Ellie,0.003
10,p_aurelia,3,24/01/2022,Ellie,0.002
10,p_aurelia,4,24/01/2022,Ellie,0.0005
10,p_caudatum,1,24/01/2022,Ellie,0.02
10,p_caudatum,2,24/01/2022,Ellie,0.03
10,p_caudatum,3,24/01/2022,Ellie,0.025
10,p_caudatum,4,24/01/2022,Ellie,0.015
10,philodina,1,24/01/2022,Ellie,0.002
10,philodina,2,24/01/2022,Ellie,0.001
10,philodina,3,24/01/2022,Ellie,0.001
10,philodina,4,24/01/2022,Ellie,0.001
10,spirostomum,1,24/01/2022,Ellie,0.0002
10,spirostomum,2,24/01/2022,Ellie,0.00028
10,spirostomum,4,24/01/2022,Ellie,0.00044
32.5,blepharisma,1,25/01/2022,Ellie,0.07
32.5,blepharisma,2,25/01/2022,Ellie,0.115
32.5,blepharisma,3,25/01/2022,Ellie,0.1
32.5,blepharisma,4,25/01/2022,Ellie,0.08
32.5,p_aurelia,1,25/01/2022,Ellie,0.03
32.5,p_aurelia,2,25/01/2022,Ellie,0.025
32.5,philodina,1,25/01/2022,Ellie,0.065
32.5,philodina,2,25/01/2022,Ellie,0.06
32.5,philodina,3,25/01/2022,Ellie,0.12
32.5,philodina,4,25/01/2022,Ellie,0.105
20,spirostomum,1,25/01/2022,Ellie,0.0175
20,spirostomum,2,25/01/2022,Ellie,0.028
20,spirostomum,3,25/01/2022,Ellie,0.024
20,spirostomum,4,25/01/2022,Ellie,0.022
10,blepharisma,1,25/01/2022,Ellie,0.004
10,blepharisma,2,25/01/2022,Ellie,0.001
10,blepharisma,3,25/01/2022,Ellie,0.003
10,blepharisma,4,25/01/2022,Ellie,0.006
10,colpidium,1,25/01/2022,Ellie,0.4
10,colpidium,2,25/01/2022,Ellie,0.6
10,colpidium,3,25/01/2022,Ellie,0.45
10,colpidium,4,25/01/2022,Ellie,0.15
10,lepadella,1,25/01/2022,Ellie,0.006
10,lepadella,2,25/01/2022,Ellie,0.009
10,lepadella,3,25/01/2022,Ellie,0.004
10,lepadella,4,25/01/2022,Ellie,0.004
10,p_aurelia,1,25/01/2022,Ellie,0.003
10,p_aurelia,2,25/01/2022,Ellie,0.002
10,p_aurelia,3,25/01/2022,Ellie,0.001
10,p_aurelia,4,25/01/2022,Ellie,0.001
10,p_caudatum,1,25/01/2022,Ellie,0.01
10,p_caudatum,2,25/01/2022,Ellie,0.022
10,p_caudatum,3,25/01/2022,Ellie,0.008
10,p_caudatum,4,25/01/2022,Ellie,0.01
10,philodina,1,25/01/2022,Ellie,0.004
10,philodina,2,25/01/2022,Ellie,0.003
10,philodina,3,25/01/2022,Ellie,0.002
10,philodina,4,25/01/2022,Ellie,0.003
10,spirostomum,1,25/01/2022,Ellie,0.00016
10,spirostomum,2,25/01/2022,Ellie,0.00024
10,spirostomum,4,25/01/2022,Ellie,0.00044
32.5,blepharisma,1,26/01/2022,Ellie,0.09
32.5,blepharisma,2,26/01/2022,Ellie,0.08
32.5,blepharisma,3,26/01/2022,Ellie,0.1
32.5,blepharisma,4,26/01/2022,Ellie,0.085
32.5,p_aurelia,1,26/01/2022,Ellie,0.02
32.5,p_aurelia,2,26/01/2022,Ellie,0.04
32.5,philodina,1,26/01/2022,Ellie,0.105
32.5,philodina,2,26/01/2022,Ellie,0.06
32.5,philodina,3,26/01/2022,Ellie,0.07
32.5,philodina,4,26/01/2022,Ellie,0.09
20,spirostomum,1,26/01/2022,Ellie,0.008
20,spirostomum,2,26/01/2022,Ellie,0.036
20,spirostomum,3,26/01/2022,Ellie,0.048
20,spirostomum,4,26/01/2022,Ellie,0.004
10,blepharisma,1,26/01/2022,Ellie,0.005
10,blepharisma,2,26/01/2022,Ellie,0.003
10,blepharisma,3,26/01/2022,Ellie,0.003
10,blepharisma,4,26/01/2022,Ellie,0.003
10,colpidium,1,26/01/2022,Ellie,0.6
10,colpidium,2,26/01/2022,Ellie,0.35
10,colpidium,3,26/01/2022,Ellie,0.35
10,colpidium,4,26/01/2022,Ellie,0.5
10,lepadella,1,26/01/2022,Ellie,0.013
10,lepadella,2,26/01/2022,Ellie,0.005
10,lepadella,3,26/01/2022,Ellie,0.002
10,lepadella,4,26/01/2022,Ellie,0.007
10,p_aurelia,1,26/01/2022,Ellie,0.002
10,p_aurelia,2,26/01/2022,Ellie,0.000666667
10,p_aurelia,3,26/01/2022,Ellie,0.001
10,p_aurelia,4,26/01/2022,Ellie,0.000666667
10,p_caudatum,1,26/01/2022,Ellie,0.02
10,p_caudatum,2,26/01/2022,Ellie,0.016
10,p_caudatum,3,26/01/2022,Ellie,0.022
10,p_caudatum,4,26/01/2022,Ellie,0.012
10,philodina,1,26/01/2022,Ellie,0.002
10,philodina,2,26/01/2022,Ellie,0.004
10,philodina,3,26/01/2022,Ellie,0.0015
10,philodina,4,26/01/2022,Ellie,0.004
10,spirostomum,1,26/01/2022,Ellie,0.0004
10,spirostomum,2,26/01/2022,Ellie,0.00024
10,spirostomum,4,26/01/2022,Ellie,0.00052
10,blepharisma,1,27/01/2022,Ellie,0.003
10,blepharisma,2,27/01/2022,Ellie,0.002
10,blepharisma,3,27/01/2022,Ellie,0.002
10,blepharisma,4,27/01/2022,Ellie,0.003
10,lepadella,1,27/01/2022,Ellie,0.005
10,lepadella,2,27/01/2022,Ellie,0.005
10,lepadella,3,27/01/2022,Ellie,0.005
10,lepadella,4,27/01/2022,Ellie,0.003
10,p_aurelia,1,27/01/2022,Ellie,0.002
10,p_aurelia,2,27/01/2022,Ellie,0.001
10,p_aurelia,3,27/01/2022,Ellie,0.0005
10,p_aurelia,4,27/01/2022,Ellie,0.001
10,p_caudatum,1,27/01/2022,Ellie,0.03
10,p_caudatum,2,27/01/2022,Ellie,0.022
10,p_caudatum,3,27/01/2022,Ellie,0.022
10,p_caudatum,4,27/01/2022,Ellie,0.034
10,philodina,1,27/01/2022,Ellie,0.002
10,philodina,2,27/01/2022,Ellie,0.001
10,philodina,3,27/01/2022,Ellie,0.003
10,philodina,4,27/01/2022,Ellie,0.002
10,spirostomum,1,27/01/2022,Ellie,0.00032
10,spirostomum,2,27/01/2022,Ellie,0.0002
10,spirostomum,4,27/01/2022,Ellie,0.00032
10,blepharisma,1,28/01/2022,Ellie,0.002
10,blepharisma,2,28/01/2022,Ellie,0.003
10,blepharisma,3,28/01/2022,Ellie,0.006
10,blepharisma,4,28/01/2022,Ellie,0.008
10,lepadella,1,28/01/2022,Ellie,0.003
10,lepadella,2,28/01/2022,Ellie,0.005
10,lepadella,3,28/01/2022,Ellie,0.007
10,lepadella,4,28/01/2022,Ellie,0.011
10,p_aurelia,1,28/01/2022,Ellie,0.001
10,p_aurelia,2,28/01/2022,Ellie,0.002
10,p_aurelia,3,28/01/2022,Ellie,0.001
10,p_aurelia,4,28/01/2022,Ellie,0.001
10,p_caudatum,1,28/01/2022,Ellie,0.025
10,p_caudatum,2,28/01/2022,Ellie,0.025
10,p_caudatum,3,28/01/2022,Ellie,0.045
10,p_caudatum,4,28/01/2022,Ellie,0.02
10,philodina,1,28/01/2022,Ellie,0.003
10,philodina,2,28/01/2022,Ellie,0.001
10,philodina,3,28/01/2022,Ellie,0.003
10,philodina,4,28/01/2022,Ellie,0.002
10,spirostomum,1,28/01/2022,Ellie,0.0002
10,spirostomum,2,28/01/2022,Ellie,0.00028
10,spirostomum,4,28/01/2022,Ellie,0.00024
10,blepharisma,1,31/01/2022,Ellie,0.001
10,blepharisma,2,31/01/2022,Ellie,0.001
10,blepharisma,3,31/01/2022,Ellie,0.001
10,blepharisma,4,31/01/2022,Ellie,0.006
10,lepadella,1,31/01/2022,Ellie,0.01
10,lepadella,2,31/01/2022,Ellie,0.009
10,lepadella,3,31/01/2022,Ellie,0.013
10,lepadella,4,31/01/2022,Ellie,0.008
10,p_aurelia,1,31/01/2022,Ellie,0.002
10,p_aurelia,2,31/01/2022,Ellie,0.001
10,p_aurelia,3,31/01/2022,Ellie,0.001
10,p_aurelia,4,31/01/2022,Ellie,0.0005
10,p_caudatum,1,31/01/2022,Ellie,0.026
10,p_caudatum,2,31/01/2022,Ellie,0.022
10,p_caudatum,3,31/01/2022,Ellie,0.04
10,p_caudatum,4,31/01/2022,Ellie,0.024
10,philodina,1,31/01/2022,Ellie,0.001
10,philodina,2,31/01/2022,Ellie,0.001
10,philodina,3,31/01/2022,Ellie,0.002
10,philodina,4,31/01/2022,Ellie,0.003
10,spirostomum,1,31/01/2022,Ellie,0.00012
10,spirostomum,2,31/01/2022,Ellie,0.0002
10,spirostomum,4,31/01/2022,Ellie,0.00016
10,blepharisma,1,02/02/2022,Ellie,0.002
10,blepharisma,2,02/02/2022,Ellie,0.003
10,blepharisma,3,02/02/2022,Ellie,0.001
10,blepharisma,4,02/02/2022,Ellie,0.001
10,lepadella,1,02/02/2022,Ellie,0.006
10,lepadella,2,02/02/2022,Ellie,0.024
10,lepadella,3,02/02/2022,Ellie,0.016
10,lepadella,4,02/02/2022,Ellie,0.018
10,p_aurelia,1,02/02/2022,Ellie,0.001
10,p_aurelia,2,02/02/2022,Ellie,0.003
10,p_aurelia,3,02/02/2022,Ellie,0.0002
10,p_aurelia,4,02/02/2022,Ellie,0.001
10,p_caudatum,1,02/02/2022,Ellie,0.024
10,p_caudatum,2,02/02/2022,Ellie,0.026
10,p_caudatum,3,02/02/2022,Ellie,0.04
10,p_caudatum,4,02/02/2022,Ellie,0.022
10,philodina,1,02/02/2022,Ellie,0.005
10,philodina,2,02/02/2022,Ellie,0.002
10,philodina,3,02/02/2022,Ellie,0.003
10,philodina,4,02/02/2022,Ellie,0.001
10,spirostomum,1,02/02/2022,Ellie,0.00004
10,spirostomum,2,02/02/2022,Ellie,0.00004
10,spirostomum,4,02/02/2022,Ellie,0.00012
10,blepharisma,1,04/02/2022,Ellie,0.001
10,blepharisma,2,04/02/2022,Ellie,0.006
10,blepharisma,3,04/02/2022,Ellie,0.001
10,blepharisma,4,04/02/2022,Ellie,0.004
10,lepadella,1,04/02/2022,Ellie,0.018
10,lepadella,2,04/02/2022,Ellie,0.014
10,lepadella,3,04/02/2022,Ellie,0.014
10,lepadella,4,04/02/2022,Ellie,0.024
10,p_aurelia,1,04/02/2022,Ellie,0.001
10,p_aurelia,2,04/02/2022,Ellie,0.001
10,p_aurelia,3,04/02/2022,Ellie,0.0005
10,p_aurelia,4,04/02/2022,Ellie,0.0005
10,p_caudatum,1,04/02/2022,Ellie,0.022
10,p_caudatum,2,04/02/2022,Ellie,0.028
10,p_caudatum,3,04/02/2022,Ellie,0.034
10,p_caudatum,4,04/02/2022,Ellie,0.03
10,philodina,1,04/02/2022,Ellie,0.002
10,philodina,2,04/02/2022,Ellie,0.0005
10,philodina,3,04/02/2022,Ellie,0.003
10,philodina,4,04/02/2022,Ellie,0.0015
10,blepharisma,1,07/02/2022,Ellie,0.002
10,blepharisma,2,07/02/2022,Ellie,0.002
10,blepharisma,3,07/02/2022,Ellie,0.000333333
10,blepharisma,4,07/02/2022,Ellie,0.001
10,lepadella,1,07/02/2022,Ellie,0.016
10,lepadella,2,07/02/2022,Ellie,0.03
10,lepadella,3,07/02/2022,Ellie,0.028
10,lepadella,4,07/02/2022,Ellie,0.038
10,p_aurelia,1,07/02/2022,Ellie,0.0015
10,p_aurelia,2,07/02/2022,Ellie,0.0005
10,p_aurelia,3,07/02/2022,Ellie,0.000333333
10,p_aurelia,4,07/02/2022,Ellie,0.0006
10,p_caudatum,1,07/02/2022,Ellie,0.012
10,p_caudatum,2,07/02/2022,Ellie,0.006
10,p_caudatum,3,07/02/2022,Ellie,0.016
10,p_caudatum,4,07/02/2022,Ellie,0.01
10,philodina,1,07/02/2022,Ellie,0.0005
10,philodina,2,07/02/2022,Ellie,0.0015
10,philodina,3,07/02/2022,Ellie,0.0035
10,philodina,4,07/02/2022,Ellie,0.001
37.5,philodina,1,07/02/2022,Ellie,0.002
37.5,philodina,2,07/02/2022,Ellie,0.002
37.5,philodina,3,07/02/2022,Ellie,0.002
37.5,philodina,4,07/02/2022,Ellie,0.002
37.5,philodina,1,08/02/2022,Ellie,0.002
37.5,philodina,2,08/02/2022,Ellie,0.004
37.5,philodina,3,08/02/2022,Ellie,0.003
37.5,philodina,4,08/02/2022,Ellie,0.005
10,blepharisma,1,09/02/2022,Ellie,0.001
10,blepharisma,2,09/02/2022,Ellie,0.005
10,blepharisma,3,09/02/2022,Ellie,0.0005
10,blepharisma,4,09/02/2022,Ellie,0.001
10,lepadella,1,09/02/2022,Ellie,0.028
10,lepadella,2,09/02/2022,Ellie,0.026
10,lepadella,3,09/02/2022,Ellie,0.018
10,lepadella,4,09/02/2022,Ellie,0.036
10,p_aurelia,1,09/02/2022,Ellie,0.0025
10,p_aurelia,2,09/02/2022,Ellie,0.0005
10,p_aurelia,3,09/02/2022,Ellie,0.000666667
10,p_aurelia,4,09/02/2022,Ellie,0.001
10,p_caudatum,1,09/02/2022,Ellie,0.018
10,p_caudatum,2,09/02/2022,Ellie,0.016
10,p_caudatum,3,09/02/2022,Ellie,0.055
10,p_caudatum,4,09/02/2022,Ellie,0.02
10,philodina,1,09/02/2022,Ellie,0.0035
10,philodina,2,09/02/2022,Ellie,0.0015
10,philodina,3,09/02/2022,Ellie,0.003
10,philodina,4,09/02/2022,Ellie,0.001
37.5,philodina,1,09/02/2022,Ellie,0.002
37.5,philodina,2,09/02/2022,Ellie,0.001
37.5,philodina,3,09/02/2022,Ellie,0.001
37.5,philodina,4,09/02/2022,Ellie,0.004
37.5,philodina,1,10/02/2022,Ellie,0.001
37.5,philodina,2,10/02/2022,Ellie,0.001
37.5,philodina,3,10/02/2022,Ellie,0.001
37.5,philodina,4,10/02/2022,Ellie,0.003
10,blepharisma,1,11/02/2022,Ellie,0.001
10,blepharisma,2,11/02/2022,Ellie,0.001
10,blepharisma,3,11/02/2022,Ellie,0.0015
10,blepharisma,4,11/02/2022,Ellie,0.0005
10,lepadella,1,11/02/2022,Ellie,0.04
10,lepadella,2,11/02/2022,Ellie,0.044
10,lepadella,3,11/02/2022,Ellie,0.052
10,lepadella,4,11/02/2022,Ellie,0.038
10,p_aurelia,1,11/02/2022,Ellie,0.001
10,p_aurelia,2,11/02/2022,Ellie,0.001
10,p_aurelia,3,11/02/2022,Ellie,0.0002
10,p_aurelia,4,11/02/2022,Ellie,0.001
10,p_caudatum,1,11/02/2022,Ellie,0.02
10,p_caudatum,2,11/02/2022,Ellie,0.01
10,p_caudatum,3,11/02/2022,Ellie,0.04
10,p_caudatum,4,11/02/2022,Ellie,0.025
10,philodina,1,11/02/2022,Ellie,0.002
10,philodina,2,11/02/2022,Ellie,0.003
10,philodina,3,11/02/2022,Ellie,0.0035
10,philodina,4,11/02/2022,Ellie,0.024
37.5,philodina,1,11/02/2022,Ellie,0.0005
37.5,philodina,2,11/02/2022,Ellie,0.0005
37.5,philodina,3,11/02/2022,Ellie,0.00025
37.5,philodina,4,11/02/2022,Ellie,0.00025
10,lepadella,1,14/02/2022,Ellie,0.105
10,lepadella,2,14/02/2022,Ellie,0.11
10,lepadella,3,14/02/2022,Ellie,0.105
10,lepadella,4,14/02/2022,Ellie,0.045
10,philodina,1,14/02/2022,Ellie,0.0025
10,philodina,2,14/02/2022,Ellie,0.001
10,philodina,3,14/02/2022,Ellie,0.002
10,philodina,4,14/02/2022,Ellie,0.0045
10,lepadella,1,16/02/2022,Ellie,0.105
10,lepadella,2,16/02/2022,Ellie,0.09
10,lepadella,3,16/02/2022,Ellie,0.12
10,lepadella,4,16/02/2022,Ellie,0.09
10,philodina,1,16/02/2022,Ellie,0.002
10,philodina,2,16/02/2022,Ellie,0.001
10,philodina,3,16/02/2022,Ellie,0.003
10,philodina,4,16/02/2022,Ellie,0.003
10,lepadella,1,17/02/2022,Ellie,0.07
10,lepadella,2,17/02/2022,Ellie,0.125
10,lepadella,3,17/02/2022,Ellie,0.1
10,lepadella,4,17/02/2022,Ellie,0.07
10,philodina,1,17/02/2022,Ellie,0.0015
10,philodina,2,17/02/2022,Ellie,0.0015
10,philodina,3,17/02/2022,Ellie,0.0025
10,philodina,4,17/02/2022,Ellie,0.0045
10,lepadella,1,21/02/2022,Ellie,0.09
10,lepadella,2,21/02/2022,Ellie,0.08
10,lepadella,3,21/02/2022,Ellie,0.08
10,lepadella,4,21/02/2022,Ellie,0.03
10,philodina,1,21/02/2022,Ellie,0.003
10,philodina,2,21/02/2022,Ellie,0.001
10,philodina,3,21/02/2022,Ellie,0.005
10,philodina,4,21/02/2022,Ellie,0.006